numeroProcesso,codigoMovimento,resultado,dataPrimeiraTutela
08085014320268100001,332,CONCEDIDA,2026-02-11T14:35:02.000Z
08114937420268100001,332,CONCEDIDA,2026-04-30T12:49:45.000Z
08090141120268100001,785,NÃO CONCEDIDA,2026-02-09T22:54:51.000Z
08069217520268100001,332,CONCEDIDA,2026-02-06T16:23:43.000Z
08094636620268100001,332,CONCEDIDA,2026-02-20T11:39:39.000Z
08111541820268100001,332,CONCEDIDA,2026-03-11T21:57:15.000Z
08118557620268100001,785,NÃO CONCEDIDA,2026-03-05T12:19:51.000Z
08139767720268100001,785,NÃO CONCEDIDA,2026-03-02T17:48:17.000Z
08143551820268100001,785,NÃO CONCEDIDA,2026-03-02T15:35:15.000Z
08149761520268100001,332,CONCEDIDA,2026-03-02T23:35:59.000Z
08183775620258100001,332,CONCEDIDA,2025-03-06T17:06:35.000Z
08119345520268100001,785,NÃO CONCEDIDA,2026-02-26T10:00:37.000Z
08206068620258100001,332,CONCEDIDA,2025-03-11T16:03:34.000Z
08229336720268100001,332,CONCEDIDA,2026-03-27T12:09:57.000Z
08168607920268100001,332,CONCEDIDA,2026-03-08T23:21:20.000Z
08231735620268100001,332,CONCEDIDA,2026-03-26T20:39:01.000Z
08237356520268100001,332,CONCEDIDA,2026-03-29T04:48:19.000Z
08294083920268100001,332,CONCEDIDA,2026-04-17T14:05:39.000Z
08310204620258100001,332,CONCEDIDA,2025-04-08T21:41:52.000Z
08203042320268100001,332,CONCEDIDA,2026-06-17T11:18:46.000Z
08236160720268100001,332,CONCEDIDA,2026-03-27T20:49:34.000Z
08242171320268100001,785,NÃO CONCEDIDA,2026-04-22T17:58:58.000Z
08306919720268100001,332,CONCEDIDA,2026-04-22T23:33:57.000Z
08306044420268100001,785,NÃO CONCEDIDA,2026-05-05T22:04:08.000Z
08319676620268100001,785,NÃO CONCEDIDA,2026-07-01T12:01:59.000Z
08345332220258100001,332,CONCEDIDA,2025-04-23T11:40:50.000Z
08289571420268100001,332,CONCEDIDA,2026-05-08T17:19:12.000Z
08341033620268100001,785,NÃO CONCEDIDA,2026-05-29T20:03:34.000Z
08296422120268100001,332,CONCEDIDA,2026-04-24T18:23:10.000Z
08346440620258100001,332,CONCEDIDA,2025-07-29T11:59:48.000Z
08336350920258100001,785,NÃO CONCEDIDA,2025-06-11T11:17:18.000Z
08294770820258100001,889,CONCEDIDA EM PARTE,2026-04-28T22:14:33.000Z
08383878720268100001,785,NÃO CONCEDIDA,2026-06-02T15:58:23.000Z
08307525520268100001,332,CONCEDIDA,2026-04-27T10:13:49.000Z
08313986520268100001,332,CONCEDIDA,2026-05-19T22:12:35.000Z
08449105220258100001,332,CONCEDIDA,2025-08-21T22:52:08.000Z
08449266920268100001,332,CONCEDIDA,2026-06-08T01:01:38.000Z
08363179720268100001,785,NÃO CONCEDIDA,2026-06-26T12:24:23.000Z
08370757620268100001,785,NÃO CONCEDIDA,2026-06-10T16:31:42.000Z
08427987620268100001,332,CONCEDIDA,2026-06-14T13:00:56.000Z
08449668520258100001,332,CONCEDIDA,2025-05-23T11:13:09.000Z
08417285820258100001,332,CONCEDIDA,2025-06-16T13:32:49.000Z
08466146620268100001,332,CONCEDIDA,2026-06-23T23:40:38.000Z
08315311020268100001,889,CONCEDIDA EM PARTE,2026-05-08T17:01:54.000Z
08520382620258100001,332,CONCEDIDA,2025-06-12T16:03:29.000Z
08545669620268100001,785,NÃO CONCEDIDA,2026-07-08T22:25:36.000Z
08406598820258100001,332,CONCEDIDA,2025-05-09T20:03:50.000Z
08473208320258100001,332,CONCEDIDA,2025-05-28T02:22:07.000Z
08502091020258100001,332,CONCEDIDA,2025-06-18T12:47:38.000Z
08476651520268100001,332,CONCEDIDA,2026-06-19T13:13:44.000Z
08522643120258100001,785,NÃO CONCEDIDA,2025-08-06T09:51:55.000Z
08533361920268100001,785,NÃO CONCEDIDA,2026-07-08T12:52:32.000Z
08538888120268100001,785,NÃO CONCEDIDA,2026-07-24T15:48:56.000Z
08593436120258100001,785,NÃO CONCEDIDA,2025-09-03T12:05:41.000Z
08555568720268100001,332,CONCEDIDA,2026-07-12T12:28:24.000Z
08657707420258100001,785,NÃO CONCEDIDA,2025-08-21T11:11:09.000Z
08571836320258100001,332,CONCEDIDA,2025-07-30T18:03:26.000Z
08627333920258100001,332,CONCEDIDA,2025-08-07T10:32:22.000Z
09016052620258100001,332,CONCEDIDA,2025-11-14T00:15:12.000Z
09016624420258100001,332,CONCEDIDA,2025-11-14T17:18:12.000Z
08996003120258100001,332,CONCEDIDA,2025-11-10T16:06:23.000Z
08960901020258100001,332,CONCEDIDA,2025-10-28T21:56:25.000Z
09095064520258100001,785,NÃO CONCEDIDA,2025-12-10T17:03:28.000Z
08646664720258100001,332,CONCEDIDA,2025-07-16T20:30:28.000Z
08562782420268100001,785,NÃO CONCEDIDA,2026-07-15T15:28:44.000Z
08801328120258100001,332,CONCEDIDA,2025-09-10T11:40:00.000Z
08712616220258100001,785,NÃO CONCEDIDA,2025-08-07T10:26:32.000Z
08522314120258100001,332,CONCEDIDA,2025-07-04T16:36:02.000Z
08574076420268100001,332,CONCEDIDA,2026-07-21T15:06:39.000Z
08573793320258100001,332,CONCEDIDA,2025-07-03T13:11:31.000Z
08859172420258100001,332,CONCEDIDA,2025-09-20T14:55:12.000Z
08562461920268100001,889,CONCEDIDA EM PARTE,2026-07-29T17:15:08.000Z
09105267120258100001,785,NÃO CONCEDIDA,2026-04-14T21:56:06.000Z
09017351620258100001,332,CONCEDIDA,2025-12-15T11:26:21.000Z
09074313320258100001,889,CONCEDIDA EM PARTE,2026-05-13T14:59:08.000Z
09074738220258100001,785,NÃO CONCEDIDA,2026-05-09T18:22:27.000Z
08753142320248100001,332,CONCEDIDA,2024-10-06T21:17:31.000Z
08768962420258100001,332,CONCEDIDA,2025-08-26T20:52:31.000Z
08797967720258100001,785,NÃO CONCEDIDA,2025-09-26T17:52:07.000Z
08773916820258100001,332,CONCEDIDA,2025-09-05T15:33:59.000Z
08853360920258100001,332,CONCEDIDA,2025-10-10T12:47:36.000Z
08556365120268100001,785,NÃO CONCEDIDA,2026-07-23T17:59:58.000Z
08975251920258100001,785,NÃO CONCEDIDA,2025-10-31T12:35:03.000Z
08988737220258100001,332,CONCEDIDA,2025-11-13T23:58:37.000Z
08989862620258100001,332,CONCEDIDA,2025-10-31T15:30:05.000Z
08606029120258100001,785,NÃO CONCEDIDA,2026-01-09T10:31:25.000Z
09029355820258100001,332,CONCEDIDA,2025-12-10T16:29:59.000Z
09029433520258100001,332,CONCEDIDA,2025-11-19T18:04:00.000Z
09030334320258100001,332,CONCEDIDA,2025-11-18T14:21:57.000Z
09014502320258100001,332,CONCEDIDA,2025-11-12T10:43:57.000Z
09116854920258100001,785,NÃO CONCEDIDA,2025-12-18T11:52:32.000Z
08930069820258100001,785,NÃO CONCEDIDA,2025-10-16T22:58:52.000Z
08930459520258100001,785,NÃO CONCEDIDA,2025-12-09T16:10:02.000Z
09078522320258100001,332,CONCEDIDA,2025-11-30T03:29:49.000Z
09079362420258100001,332,CONCEDIDA,2025-12-11T17:16:05.000Z
08021530920268100001,332,CONCEDIDA,2026-01-15T17:16:04.000Z
08017954420268100001,785,NÃO CONCEDIDA,2026-02-10T11:29:30.000Z
08042317320268100001,332,CONCEDIDA,2026-01-30T12:22:38.000Z
08052268620268100001,332,CONCEDIDA,2026-02-05T22:27:06.000Z
08071191520268100001,785,NÃO CONCEDIDA,2026-04-21T14:15:10.000Z
08660772820258100001,332,CONCEDIDA,2025-07-22T15:50:16.000Z
08924864120258100001,785,NÃO CONCEDIDA,2025-10-30T22:09:50.000Z
08778108820258100001,332,CONCEDIDA,2025-09-09T21:42:17.000Z
08366213320258100001,332,CONCEDIDA,2025-04-29T12:37:34.000Z
08174257720258100001,332,CONCEDIDA,2025-02-27T17:15:15.000Z
08417623320258100001,889,CONCEDIDA EM PARTE,2025-06-03T22:35:20.000Z
08198836720258100001,332,CONCEDIDA,2025-03-08T23:30:09.000Z
08231167220258100001,332,CONCEDIDA,2025-03-31T11:22:20.000Z
08238776920268100001,785,NÃO CONCEDIDA,2026-05-13T15:50:24.000Z
08249787820258100001,785,NÃO CONCEDIDA,2025-03-25T16:54:35.000Z
08277135020268100001,332,CONCEDIDA,2026-04-14T19:15:20.000Z
08325435920268100001,332,CONCEDIDA,2026-05-14T12:33:51.000Z
08318386120268100001,332,CONCEDIDA,2026-04-25T23:49:44.000Z
08425951720268100001,785,NÃO CONCEDIDA,2026-06-19T13:29:23.000Z
08198281920258100001,889,CONCEDIDA EM PARTE,2025-03-25T17:15:36.000Z
08225468620258100001,332,CONCEDIDA,2025-03-15T16:14:09.000Z
08230777520258100001,889,CONCEDIDA EM PARTE,2025-03-19T10:36:00.000Z
08294907020268100001,332,CONCEDIDA,2026-04-29T22:01:27.000Z
08354137720268100001,785,NÃO CONCEDIDA,2026-06-03T15:38:35.000Z
08361196020268100001,785,NÃO CONCEDIDA,2026-05-19T22:05:39.000Z
08377775620258100001,332,CONCEDIDA,2025-04-30T19:53:43.000Z
08397735520268100001,785,NÃO CONCEDIDA,2026-06-01T22:57:26.000Z
08448963420268100001,332,CONCEDIDA,2026-06-07T19:14:27.000Z
08482864620258100001,332,CONCEDIDA,2025-06-30T16:13:53.000Z
08300565320258100001,332,CONCEDIDA,2025-04-06T03:58:02.000Z
08317051920268100001,332,CONCEDIDA,2026-04-24T19:46:54.000Z
08311778220268100001,332,CONCEDIDA,2026-04-23T22:09:02.000Z
08339928620258100001,332,CONCEDIDA,2025-04-22T11:20:11.000Z
08342341120268100001,332,CONCEDIDA,2026-05-07T14:36:05.000Z
08378863620268100001,785,NÃO CONCEDIDA,2026-05-15T16:54:33.000Z
08436390820258100001,332,CONCEDIDA,2025-06-04T23:35:08.000Z
08530966420258100001,332,CONCEDIDA,2025-06-13T02:15:57.000Z
08557719720258100001,332,CONCEDIDA,2025-06-20T19:44:19.000Z
08672638620258100001,332,CONCEDIDA,2025-08-04T09:48:10.000Z
08691657420258100001,889,CONCEDIDA EM PARTE,2025-08-27T22:39:08.000Z
09024748620258100001,785,NÃO CONCEDIDA,2025-12-09T15:55:23.000Z
09010466920258100001,332,CONCEDIDA,2025-11-26T18:11:05.000Z
08454670520268100001,332,CONCEDIDA,2026-06-12T16:09:37.000Z
08521335620258100001,332,CONCEDIDA,2025-07-04T17:50:26.000Z
08516424920258100001,889,CONCEDIDA EM PARTE,2025-07-24T12:07:45.000Z
08560049420258100001,332,CONCEDIDA,2025-07-10T10:36:17.000Z
08907447820258100001,332,CONCEDIDA,2025-10-07T16:59:15.000Z
08864135320258100001,332,CONCEDIDA,2025-09-23T03:44:47.000Z
08959905520258100001,332,CONCEDIDA,2025-10-23T18:22:24.000Z
09085867120258100001,889,CONCEDIDA EM PARTE,2025-12-18T17:08:00.000Z
09016157020258100001,785,NÃO CONCEDIDA,2025-11-17T13:01:28.000Z
09058317420258100001,332,CONCEDIDA,2025-12-01T13:47:21.000Z
08955419720258100001,332,CONCEDIDA,2025-10-29T11:35:16.000Z
08762111720258100001,332,CONCEDIDA,2025-09-01T17:06:21.000Z
08762354520258100001,785,NÃO CONCEDIDA,2025-09-05T09:38:36.000Z
08822997120258100001,332,CONCEDIDA,2025-09-12T11:05:48.000Z
08859467420258100001,332,CONCEDIDA,2025-09-20T19:23:30.000Z
09027814020258100001,332,CONCEDIDA,2025-12-05T12:46:01.000Z
09106358520258100001,332,CONCEDIDA,2026-02-03T12:08:40.000Z
09150467420258100001,889,CONCEDIDA EM PARTE,2026-01-27T17:00:54.000Z
09043949520258100001,332,CONCEDIDA,2025-11-19T14:37:27.000Z
09133769820258100001,785,NÃO CONCEDIDA,2026-01-19T15:04:40.000Z
08073651120268100001,785,NÃO CONCEDIDA,2026-02-20T16:01:06.000Z
08114954420268100001,332,CONCEDIDA,2026-02-19T09:56:11.000Z
08144435620268100001,332,CONCEDIDA,2026-02-27T20:10:09.000Z
08163630220258100001,332,CONCEDIDA,2025-02-25T18:39:13.000Z
08167282220268100001,332,CONCEDIDA,2026-03-07T02:20:26.000Z
08167741120268100001,332,CONCEDIDA,2026-07-08T13:14:18.000Z
08487645420258100001,785,NÃO CONCEDIDA,2025-08-26T11:42:41.000Z
08493569820258100001,332,CONCEDIDA,2025-07-07T18:01:55.000Z
08529692920258100001,332,CONCEDIDA,2025-06-18T11:30:17.000Z
08530905720258100001,332,CONCEDIDA,2025-06-13T00:58:48.000Z
08535807920258100001,785,NÃO CONCEDIDA,2025-07-04T12:11:26.000Z
08582462620258100001,785,NÃO CONCEDIDA,2025-08-07T10:08:21.000Z
08555294120258100001,332,CONCEDIDA,2025-08-13T23:03:59.000Z
08610064520258100001,332,CONCEDIDA,2025-07-25T17:35:49.000Z
08539315220258100001,332,CONCEDIDA,2025-07-04T11:02:44.000Z
08657412420258100001,785,NÃO CONCEDIDA,2025-08-07T10:24:19.000Z
08677461920258100001,332,CONCEDIDA,2025-07-24T20:12:52.000Z
08712555520258100001,785,NÃO CONCEDIDA,2025-08-28T16:27:26.000Z
08658070420258100001,332,CONCEDIDA,2025-07-19T15:45:06.000Z
08690739620258100001,332,CONCEDIDA,2025-08-05T11:23:39.000Z
08672577920258100001,889,CONCEDIDA EM PARTE,2025-07-29T11:30:52.000Z
08671166020258100001,785,NÃO CONCEDIDA,2025-08-22T16:57:57.000Z
08704856220258100001,785,NÃO CONCEDIDA,2025-08-22T16:53:31.000Z
08735644920258100001,332,CONCEDIDA,2025-08-26T18:10:07.000Z
08735661920258100001,785,NÃO CONCEDIDA,2025-08-19T17:20:29.000Z
08787245520258100001,889,CONCEDIDA EM PARTE,2025-09-15T22:05:15.000Z
08760431520258100001,332,CONCEDIDA,2025-08-21T22:50:07.000Z
08885215520258100001,332,CONCEDIDA,2025-10-28T10:56:47.000Z
08778065120258100001,785,NÃO CONCEDIDA,2025-11-07T13:04:26.000Z
08913942820258100001,332,CONCEDIDA,2026-03-24T16:55:44.000Z
08921149220258100001,785,NÃO CONCEDIDA,2025-10-16T22:52:18.000Z
08899367320258100001,785,NÃO CONCEDIDA,2025-10-23T10:08:54.000Z
08918065620258100001,785,NÃO CONCEDIDA,2025-10-21T00:04:44.000Z
08906806820258100001,889,CONCEDIDA EM PARTE,2025-10-20T10:29:02.000Z
08909257920258100001,785,NÃO CONCEDIDA,2025-10-14T16:04:07.000Z
08972368620258100001,332,CONCEDIDA,2025-10-25T18:41:56.000Z
08963724820258100001,785,NÃO CONCEDIDA,2026-04-08T16:03:29.000Z
08991768620258100001,785,NÃO CONCEDIDA,2025-11-27T22:45:23.000Z
09107068720258100001,332,CONCEDIDA,2025-12-11T17:19:20.000Z
09138264120258100001,332,CONCEDIDA,2026-02-18T23:49:21.000Z
09109744420258100001,785,NÃO CONCEDIDA,2026-02-10T12:43:26.000Z
09090006920258100001,785,NÃO CONCEDIDA,2026-01-28T16:30:58.000Z
09018157720258100001,332,CONCEDIDA,2025-11-27T22:35:54.000Z
09049361620258100001,785,NÃO CONCEDIDA,2025-12-18T16:22:18.000Z
09128754720258100001,332,CONCEDIDA,2026-01-29T16:16:55.000Z
08003352220268100001,785,NÃO CONCEDIDA,2026-01-20T11:25:49.000Z
08025247020268100001,332,CONCEDIDA,2026-03-04T12:19:05.000Z
08053065020268100001,332,CONCEDIDA,2026-03-23T10:08:57.000Z
08064141720268100001,785,NÃO CONCEDIDA,2026-02-09T22:51:06.000Z
08145085120268100001,332,CONCEDIDA,2026-02-28T17:26:57.000Z
08083845220268100001,785,NÃO CONCEDIDA,2026-02-11T23:42:31.000Z
08089560820268100001,785,NÃO CONCEDIDA,2026-02-19T16:32:13.000Z
08094628120268100001,785,NÃO CONCEDIDA,2026-03-10T12:12:42.000Z
08144383420268100001,332,CONCEDIDA,2026-02-27T20:57:03.000Z
08163483320258100001,332,CONCEDIDA,2025-02-26T16:38:09.000Z
08167602720268100001,332,CONCEDIDA,2026-03-07T16:57:03.000Z
08168555720268100001,785,NÃO CONCEDIDA,2026-03-11T13:15:16.000Z
08189145220258100001,332,CONCEDIDA,2025-03-06T10:41:56.000Z
08193241320258100001,332,CONCEDIDA,2025-03-13T17:10:46.000Z
08210049620268100001,785,NÃO CONCEDIDA,2026-03-24T17:30:12.000Z
08218972420258100001,332,CONCEDIDA,2025-03-14T11:41:22.000Z
08226057420258100001,332,CONCEDIDA,2025-03-18T09:30:39.000Z
08245457420258100001,332,CONCEDIDA,2025-03-21T16:41:45.000Z
08238441620258100001,785,NÃO CONCEDIDA,2025-03-25T11:22:18.000Z
08249657920258100001,332,CONCEDIDA,2025-04-01T14:51:10.000Z
08250486120268100001,332,CONCEDIDA,2026-04-01T20:55:47.000Z
08266441720258100001,332,CONCEDIDA,2025-04-01T14:28:09.000Z
08283668620258100001,785,NÃO CONCEDIDA,2025-08-29T16:27:16.000Z
08299586820258100001,332,CONCEDIDA,2025-04-05T00:42:39.000Z
08290146620258100001,332,CONCEDIDA,2025-04-04T08:24:40.000Z
08285235920258100001,332,CONCEDIDA,2025-04-01T20:53:16.000Z
08288717720258100001,332,CONCEDIDA,2025-04-03T11:07:08.000Z
08300938020258100001,785,NÃO CONCEDIDA,2025-06-03T18:04:18.000Z
08301324320268100001,785,NÃO CONCEDIDA,2026-04-25T19:46:35.000Z
08302314720258100001,785,NÃO CONCEDIDA,2025-07-10T11:28:44.000Z
08307213520268100001,332,CONCEDIDA,2026-04-23T06:28:21.000Z
08318848420258100001,785,NÃO CONCEDIDA,2025-06-16T16:20:43.000Z
08312439620258100001,332,CONCEDIDA,2025-04-09T16:24:45.000Z
08305147020258100001,785,NÃO CONCEDIDA,2025-04-08T15:04:38.000Z
08326232320268100001,332,CONCEDIDA,2026-04-29T15:38:14.000Z
08352599320258100001,332,CONCEDIDA,2025-04-24T16:28:46.000Z
08323715420258100001,332,CONCEDIDA,2025-04-13T13:01:13.000Z
08314076120258100001,785,NÃO CONCEDIDA,2025-04-15T13:07:21.000Z
08342769420258100001,332,CONCEDIDA,2025-07-10T14:48:19.000Z
08363035020258100001,785,NÃO CONCEDIDA,2025-04-26T18:52:19.000Z
08363554620258100001,785,NÃO CONCEDIDA,2025-06-04T23:35:09.000Z
08386254320258100001,332,CONCEDIDA,2025-06-11T17:53:07.000Z
08376961020258100001,785,NÃO CONCEDIDA,2025-06-03T18:29:51.000Z
08374987020258100001,332,CONCEDIDA,2025-04-30T15:52:47.000Z
08418827620258100001,785,NÃO CONCEDIDA,2025-07-30T09:07:42.000Z
08459471720258100001,332,CONCEDIDA,2025-07-14T17:41:24.000Z
08444368120258100001,332,CONCEDIDA,2025-06-17T12:24:19.000Z
08439249820258100001,889,CONCEDIDA EM PARTE,2026-03-16T22:30:02.000Z
08483202120258100001,332,CONCEDIDA,2025-05-30T01:12:16.000Z
08487299420258100001,332,CONCEDIDA,2025-06-18T11:28:07.000Z
08886852020258100001,332,CONCEDIDA,2025-09-30T01:40:37.000Z
08997268120258100001,332,CONCEDIDA,2025-11-04T17:48:17.000Z
09155464320258100001,785,NÃO CONCEDIDA,2026-01-14T16:42:28.000Z
09155533520258100001,332,CONCEDIDA,2026-01-19T17:23:56.000Z
09109658220258100001,332,CONCEDIDA,2026-01-29T11:13:10.000Z
08840413420258100001,332,CONCEDIDA,2025-09-15T23:05:18.000Z
08886271720258100001,332,CONCEDIDA,2025-09-30T14:39:38.000Z
08704864720258100001,785,NÃO CONCEDIDA,2025-09-04T20:34:32.000Z
09116768720258100001,332,CONCEDIDA,2025-12-18T16:20:26.000Z
08699547320258100001,785,NÃO CONCEDIDA,2025-10-07T21:43:57.000Z
08932988320258100001,332,CONCEDIDA,2025-10-13T20:23:15.000Z
08738217420258100001,332,CONCEDIDA,2025-08-14T14:55:14.000Z
09033122920258100001,785,NÃO CONCEDIDA,2025-11-17T13:35:38.000Z
08520460320258100001,332,CONCEDIDA,2025-06-11T00:17:16.000Z
08808351220258100001,332,CONCEDIDA,2025-09-05T09:24:07.000Z
09020349020258100001,332,CONCEDIDA,2025-11-11T14:20:33.000Z
08993621220258100001,332,CONCEDIDA,2025-11-10T16:03:36.000Z
09077059420258100001,332,CONCEDIDA,2025-12-10T14:43:43.000Z
09113157020258100001,332,CONCEDIDA,2025-12-12T14:00:31.000Z
09140828120258100001,889,CONCEDIDA EM PARTE,2026-01-22T10:53:02.000Z
09118742720258100001,785,NÃO CONCEDIDA,2026-04-07T21:42:43.000Z
09145123320258100001,332,CONCEDIDA,2025-12-20T11:46:05.000Z
09106574620258100001,332,CONCEDIDA,2025-12-10T03:10:43.000Z
08617590220258100001,332,CONCEDIDA,2025-07-08T23:29:33.000Z
08603367020268100001,332,CONCEDIDA,2026-07-25T09:29:03.000Z
08980855820258100001,332,CONCEDIDA,2025-10-29T11:03:19.000Z
08573885820268100001,785,NÃO CONCEDIDA,2026-07-20T11:49:49.000Z
08968098920258100001,332,CONCEDIDA,2025-10-24T02:22:36.000Z
08754741420258100001,332,CONCEDIDA,2025-08-21T23:31:28.000Z
08995613420258100001,332,CONCEDIDA,2025-11-03T17:16:12.000Z
08979548320258100001,332,CONCEDIDA,2025-11-03T10:47:15.000Z
09148362320258100001,785,NÃO CONCEDIDA,2026-02-24T20:42:06.000Z
08608635620258100001,332,CONCEDIDA,2025-07-06T02:37:16.000Z
08559258120268100001,785,NÃO CONCEDIDA,2026-07-23T17:59:56.000Z
08555508020268100001,332,CONCEDIDA,2026-07-12T09:59:02.000Z
08660651420258100001,332,CONCEDIDA,2025-07-31T12:19:46.000Z
08474962820268100001,785,NÃO CONCEDIDA,2026-06-16T16:44:21.000Z
08478851320268100001,785,NÃO CONCEDIDA,2026-07-23T17:11:10.000Z
08465549320268100001,785,NÃO CONCEDIDA,2026-06-26T12:27:00.000Z
08499889020268100001,332,CONCEDIDA,2026-06-26T12:29:31.000Z
08517411920258100001,332,CONCEDIDA,2025-07-08T17:36:13.000Z
08536327520258100001,889,CONCEDIDA EM PARTE,2025-07-29T12:33:35.000Z
08573005420258100001,785,NÃO CONCEDIDA,2025-07-15T13:52:46.000Z
08584581320268100001,332,CONCEDIDA,2026-07-21T02:22:09.000Z
08578435720258100001,332,CONCEDIDA,2025-07-02T19:16:14.000Z
08521141620268100001,332,CONCEDIDA,2026-07-01T17:22:37.000Z
08462751020268100001,785,NÃO CONCEDIDA,2026-06-14T12:46:36.000Z
08435574020268100001,332,CONCEDIDA,2026-06-07T21:43:36.000Z
08475387720268100001,785,NÃO CONCEDIDA,2026-06-16T21:15:31.000Z
08475543120268100001,332,CONCEDIDA,2026-06-16T12:32:54.000Z
08445744820258100001,332,CONCEDIDA,2025-06-10T15:40:50.000Z
08365777720268100001,785,NÃO CONCEDIDA,2026-05-28T10:44:48.000Z
08382772520258100001,785,NÃO CONCEDIDA,2025-05-20T17:03:25.000Z
08483961120268100001,785,NÃO CONCEDIDA,2026-06-23T14:41:29.000Z
08486741220268100001,332,CONCEDIDA,2026-06-19T16:47:13.000Z
08487053220268100001,785,NÃO CONCEDIDA,2026-07-01T12:26:01.000Z
08045816120268100001,332,CONCEDIDA,2026-02-12T17:28:24.000Z
08045434920268100001,332,CONCEDIDA,2026-02-03T16:39:22.000Z
08049055120268100001,332,CONCEDIDA,2026-01-26T13:12:34.000Z
08060634420268100001,332,CONCEDIDA,2026-02-09T10:13:59.000Z
08067667220268100001,785,NÃO CONCEDIDA,2026-02-24T20:28:06.000Z
08069659420268100001,785,NÃO CONCEDIDA,2026-03-03T13:12:40.000Z
08089855820268100001,785,NÃO CONCEDIDA,2026-03-04T11:24:07.000Z
08081012920268100001,332,CONCEDIDA,2026-03-12T10:59:02.000Z
08102136820268100001,332,CONCEDIDA,2026-03-03T11:12:54.000Z
08140997520268100001,785,NÃO CONCEDIDA,2026-05-22T12:46:11.000Z
08124455320268100001,332,CONCEDIDA,2026-05-08T16:47:57.000Z
08140148920268100001,785,NÃO CONCEDIDA,2026-03-11T12:59:04.000Z
08144331220268100001,332,CONCEDIDA,2026-03-04T18:01:15.000Z
08171145220268100001,785,NÃO CONCEDIDA,2026-05-05T21:58:06.000Z
08172461220268100001,332,CONCEDIDA,2026-04-07T12:32:15.000Z
08182655320268100001,785,NÃO CONCEDIDA,2026-03-18T12:09:28.000Z
08212075820268100001,785,NÃO CONCEDIDA,2026-05-29T20:23:16.000Z
08249005020268100001,332,CONCEDIDA,2026-04-01T16:31:52.000Z
08304537820268100001,785,NÃO CONCEDIDA,2026-06-08T17:52:02.000Z
08292256820268100001,785,NÃO CONCEDIDA,2026-05-07T14:40:34.000Z
08228618020268100001,332,CONCEDIDA,2026-03-31T11:56:11.000Z
08224827620258100001,889,CONCEDIDA EM PARTE,2025-03-24T15:33:14.000Z
08232081620268100001,332,CONCEDIDA,2026-03-27T02:25:13.000Z
08236147120258100001,332,CONCEDIDA,2025-03-19T16:02:54.000Z
08251031220268100001,332,CONCEDIDA,2026-04-02T02:31:32.000Z
08254378020258100001,332,CONCEDIDA,2025-03-25T08:38:56.000Z
08252027920268100001,332,CONCEDIDA,2026-04-02T13:03:00.000Z
08268084520268100001,785,NÃO CONCEDIDA,2026-04-10T17:27:36.000Z
08299401320268100001,785,NÃO CONCEDIDA,2026-05-17T17:09:57.000Z
08326778620268100001,785,NÃO CONCEDIDA,2026-06-15T10:20:02.000Z
08334754720268100001,785,NÃO CONCEDIDA,2026-07-22T16:47:28.000Z
08340716520258100001,332,CONCEDIDA,2025-07-04T00:38:17.000Z
08365148620258100001,332,CONCEDIDA,2025-04-29T16:48:57.000Z
08301125220268100001,332,CONCEDIDA,2026-05-06T10:25:59.000Z
08299878420268100001,889,CONCEDIDA EM PARTE,2026-05-27T10:52:54.000Z
08370644720268100001,785,NÃO CONCEDIDA,2026-05-17T16:49:22.000Z
08380370220268100001,332,CONCEDIDA,2026-05-29T11:13:07.000Z
08392671620258100001,332,CONCEDIDA,2025-05-29T16:52:08.000Z
08392894020268100001,889,CONCEDIDA EM PARTE,2026-05-22T16:38:43.000Z
08377261120268100001,332,CONCEDIDA,2026-07-09T10:37:23.000Z
08415048620268100001,785,NÃO CONCEDIDA,2026-06-15T13:12:56.000Z
08415057120268100001,785,NÃO CONCEDIDA,2026-06-17T15:01:36.000Z
08417250620258100001,785,NÃO CONCEDIDA,2025-08-07T11:59:32.000Z
08350863520268100001,332,CONCEDIDA,2026-05-11T13:32:48.000Z
08493283320258100001,889,CONCEDIDA EM PARTE,2025-06-02T23:59:40.000Z
08484662820268100001,785,NÃO CONCEDIDA,2026-06-18T16:46:41.000Z
08484888620268100001,332,CONCEDIDA,2026-06-23T14:42:12.000Z
08479146320268100001,785,NÃO CONCEDIDA,2026-06-19T09:22:17.000Z
08012316520268100001,332,CONCEDIDA,2026-01-20T18:39:53.000Z
08028052620268100001,332,CONCEDIDA,2026-01-21T15:03:52.000Z
08099480320258100001,889,CONCEDIDA EM PARTE,2025-02-05T13:29:42.000Z
08138632620268100001,332,CONCEDIDA,2026-02-27T15:40:49.000Z
08165146520258100001,332,CONCEDIDA,2025-02-26T16:27:06.000Z
08169892120258100001,332,CONCEDIDA,2025-03-25T16:56:44.000Z
08185833620268100001,332,CONCEDIDA,2026-03-25T12:33:52.000Z
08257720220258100001,785,NÃO CONCEDIDA,2025-11-12T10:43:03.000Z
08254001920268100001,332,CONCEDIDA,2026-04-04T03:03:38.000Z
08277216120258100001,785,NÃO CONCEDIDA,2025-06-23T11:40:03.000Z
08323253120268100001,332,CONCEDIDA,2026-04-28T10:56:38.000Z
08314690420258100001,785,NÃO CONCEDIDA,2025-06-11T17:55:47.000Z
08346804820258100001,332,CONCEDIDA,2025-04-23T18:46:31.000Z
08437660920268100001,785,NÃO CONCEDIDA,2026-06-11T10:08:46.000Z
08197741920268100001,332,CONCEDIDA,2026-04-25T18:53:05.000Z
08264958420268100001,332,CONCEDIDA,2026-04-25T18:54:15.000Z
08298998020258100001,332,CONCEDIDA,2025-04-25T16:30:05.000Z
08371363420268100001,785,NÃO CONCEDIDA,2026-05-27T11:47:13.000Z
08368661020268100001,332,CONCEDIDA,2026-05-19T22:09:41.000Z
08452583620268100001,785,NÃO CONCEDIDA,2026-06-23T23:43:01.000Z
08254305420268100001,332,CONCEDIDA,2026-04-04T21:34:22.000Z
08317623720268100001,332,CONCEDIDA,2026-04-25T02:47:46.000Z
08329757820268100001,332,CONCEDIDA,2026-05-03T14:23:37.000Z
08322448220268100001,785,NÃO CONCEDIDA,2026-06-19T13:15:57.000Z
08378399620258100001,332,CONCEDIDA,2025-05-19T15:36:28.000Z
08395466520268100001,785,NÃO CONCEDIDA,2026-05-27T17:30:17.000Z
08487584720258100001,332,CONCEDIDA,2025-05-31T00:05:12.000Z
08482397220258100001,332,CONCEDIDA,2025-05-29T18:53:41.000Z
08511883520268100001,785,NÃO CONCEDIDA,2026-07-08T13:09:44.000Z
08972350420258100001,332,CONCEDIDA,2025-10-25T19:30:25.000Z
08959169820258100001,785,NÃO CONCEDIDA,2026-05-11T22:41:18.000Z
09053354520258100001,332,CONCEDIDA,2025-12-01T13:45:44.000Z
09011055720258100001,785,NÃO CONCEDIDA,2026-01-13T10:49:20.000Z
08395267420268100001,785,NÃO CONCEDIDA,2026-05-29T19:41:54.000Z
08500151020258100001,332,CONCEDIDA,2025-06-18T12:45:06.000Z
08530460420268100001,332,CONCEDIDA,2026-07-07T12:09:58.000Z
08547906820258100001,332,CONCEDIDA,2025-06-18T00:21:56.000Z
08511627120258100001,332,CONCEDIDA,2025-06-07T09:43:42.000Z
08573741120258100001,332,CONCEDIDA,2025-06-25T23:34:32.000Z
08608566420258100001,332,CONCEDIDA,2025-07-05T22:35:04.000Z
08684390320258100001,332,CONCEDIDA,2025-07-26T23:53:50.000Z
08763697220258100001,332,CONCEDIDA,2025-08-22T16:49:09.000Z
08827059220258100001,785,NÃO CONCEDIDA,2025-11-24T13:17:33.000Z
08871367220258100001,785,NÃO CONCEDIDA,2025-11-26T17:36:21.000Z
08868413520258100001,332,CONCEDIDA,2025-10-17T12:39:00.000Z
08863347420258100001,785,NÃO CONCEDIDA,2025-10-23T18:13:10.000Z
08863901020258100001,332,CONCEDIDA,2025-09-22T23:46:50.000Z
09042060520258100001,332,CONCEDIDA,2025-11-17T22:57:17.000Z
09100737620258100001,332,CONCEDIDA,2026-02-04T14:40:43.000Z
09123341420258100001,332,CONCEDIDA,2026-01-26T13:45:12.000Z
08743716920258100001,332,CONCEDIDA,2025-08-26T11:38:19.000Z
08817679720258100001,889,CONCEDIDA EM PARTE,2025-09-30T22:38:34.000Z
08697745720258100001,332,CONCEDIDA,2025-09-03T15:14:49.000Z
08926812620258100001,332,CONCEDIDA,2025-10-14T16:02:57.000Z
08859155420258100001,332,CONCEDIDA,2025-09-20T14:46:50.000Z
08754395420258100001,332,CONCEDIDA,2025-08-27T22:22:33.000Z
09048219220258100001,332,CONCEDIDA,2025-11-26T17:11:39.000Z
09040727520258100001,785,NÃO CONCEDIDA,2025-12-09T16:49:15.000Z
08796235320258100001,332,CONCEDIDA,2025-10-08T12:13:33.000Z
09064916820258100001,332,CONCEDIDA,2025-11-26T16:38:59.000Z
09147167720258100001,332,CONCEDIDA,2025-12-22T01:59:52.000Z
08890654320258100001,785,NÃO CONCEDIDA,2025-10-24T10:12:05.000Z
08140321320268100001,332,CONCEDIDA,2026-02-26T20:53:22.000Z
08289427920258100001,332,CONCEDIDA,2025-04-29T16:52:28.000Z
08184563520258100001,332,CONCEDIDA,2025-02-28T21:24:48.000Z
08012913820268100001,332,CONCEDIDA,2026-01-11T11:34:47.000Z
08017417820268100001,332,CONCEDIDA,2026-02-05T17:23:03.000Z
08001793420268100001,332,CONCEDIDA,2026-01-04T19:29:12.000Z
08007345120268100001,785,NÃO CONCEDIDA,2026-01-13T17:15:32.000Z
08068654220268100001,332,CONCEDIDA,2026-02-19T11:34:28.000Z
08067658720268100001,332,CONCEDIDA,2026-02-12T17:25:46.000Z
08072534220268100001,332,CONCEDIDA,2026-02-06T15:34:40.000Z
08102059120268100001,785,NÃO CONCEDIDA,2026-02-26T11:18:30.000Z
08109281320268100001,332,CONCEDIDA,2026-03-27T13:23:31.000Z
08114833020268100001,332,CONCEDIDA,2026-03-06T15:32:17.000Z
08127815720268100001,332,CONCEDIDA,2026-02-24T14:45:07.000Z
08126568920268100001,785,NÃO CONCEDIDA,2026-04-10T09:23:02.000Z
08140840920268100001,332,CONCEDIDA,2026-03-01T22:25:34.000Z
08150930620268100001,332,CONCEDIDA,2026-03-24T17:44:49.000Z
08155763620268100001,785,NÃO CONCEDIDA,2026-03-31T14:43:41.000Z
08158543720268100001,785,NÃO CONCEDIDA,2026-05-14T09:54:44.000Z
08171681820268100001,785,NÃO CONCEDIDA,2026-04-09T16:00:58.000Z
08174681420258100001,332,CONCEDIDA,2025-02-27T11:23:33.000Z
08179791220258100001,332,CONCEDIDA,2025-02-28T10:06:29.000Z
08179462220258100001,332,CONCEDIDA,2025-02-28T10:41:35.000Z
08189153720258100001,785,NÃO CONCEDIDA,2025-03-06T10:28:08.000Z
08206293220258100001,785,NÃO CONCEDIDA,2025-06-12T19:01:08.000Z
08211122820268100001,785,NÃO CONCEDIDA,2026-04-23T22:32:58.000Z
08217141920268100001,785,NÃO CONCEDIDA,2026-03-27T19:40:35.000Z
08230367420268100001,332,CONCEDIDA,2026-03-27T15:02:21.000Z
08254654820258100001,332,CONCEDIDA,2025-03-25T16:59:50.000Z
08242942220268100001,785,NÃO CONCEDIDA,2026-04-05T22:54:41.000Z
08261744920268100001,332,CONCEDIDA,2026-04-10T10:00:51.000Z
08261822620268100001,785,NÃO CONCEDIDA,2026-04-22T21:48:34.000Z
08275471820268100001,785,NÃO CONCEDIDA,2026-05-03T12:59:42.000Z
08292537020258100001,332,CONCEDIDA,2025-04-07T18:29:53.000Z
08318195520268100001,332,CONCEDIDA,2026-04-25T20:29:36.000Z
08338732820258100001,889,CONCEDIDA EM PARTE,2025-07-15T17:35:18.000Z
08343920320258100001,332,CONCEDIDA,2025-08-20T12:22:47.000Z
08349584920258100001,332,CONCEDIDA,2025-04-25T16:25:52.000Z
08347714120258100001,332,CONCEDIDA,2025-05-05T17:13:54.000Z
08352000820258100001,785,NÃO CONCEDIDA,2026-01-30T16:09:35.000Z
08372917120258100001,785,NÃO CONCEDIDA,2025-04-30T03:11:26.000Z
08383332420268100001,332,CONCEDIDA,2026-05-18T15:52:33.000Z
08395114220258100001,785,NÃO CONCEDIDA,2025-06-09T11:30:07.000Z
08371894920258100001,332,CONCEDIDA,2025-05-09T11:00:43.000Z
08407611320258100001,785,NÃO CONCEDIDA,2025-05-11T00:01:16.000Z
08385899820258100001,332,CONCEDIDA,2025-05-20T17:03:25.000Z
08385275820258100001,332,CONCEDIDA,2025-06-17T10:32:19.000Z
08388003720258100001,332,CONCEDIDA,2025-05-06T00:47:36.000Z
08402094820258100001,332,CONCEDIDA,2025-05-13T17:41:59.000Z
08383968320258100001,332,CONCEDIDA,2025-05-04T18:41:33.000Z
08421668420258100001,785,NÃO CONCEDIDA,2025-07-30T22:52:55.000Z
08422785320258100001,785,NÃO CONCEDIDA,2025-06-18T18:30:21.000Z
08459073520258100001,332,CONCEDIDA,2025-07-21T13:17:05.000Z
08444668220268100001,332,CONCEDIDA,2026-06-04T14:07:19.000Z
08443700420258100001,332,CONCEDIDA,2025-08-18T17:16:43.000Z
08483549320258100001,785,NÃO CONCEDIDA,2025-09-03T14:19:39.000Z
08501277620258100001,332,CONCEDIDA,2025-06-13T11:28:22.000Z
08491274120258100001,332,CONCEDIDA,2025-06-17T15:10:34.000Z
08507418120258100001,785,NÃO CONCEDIDA,2025-08-07T10:28:43.000Z
08535946320258100001,332,CONCEDIDA,2025-08-21T23:42:17.000Z
08558187120258100001,332,CONCEDIDA,2025-06-21T09:05:28.000Z
08577933120258100001,785,NÃO CONCEDIDA,2025-07-31T09:25:41.000Z
08598216920258100001,889,CONCEDIDA EM PARTE,2025-07-22T09:27:25.000Z
08613165120258100001,785,NÃO CONCEDIDA,2025-07-25T12:39:46.000Z
08602365220258100001,332,CONCEDIDA,2025-07-07T12:29:13.000Z
08632703520258100001,332,CONCEDIDA,2025-07-23T23:04:07.000Z
08680623220258100001,785,NÃO CONCEDIDA,2025-09-01T15:50:12.000Z
08695753520258100001,332,CONCEDIDA,2025-08-21T11:47:16.000Z
08692064120258100001,332,CONCEDIDA,2025-08-14T18:43:10.000Z
08703808520258100001,785,NÃO CONCEDIDA,2025-08-22T16:09:22.000Z
08687335520258100001,785,NÃO CONCEDIDA,2025-08-19T10:49:47.000Z
08728603620258100001,785,NÃO CONCEDIDA,2026-02-06T17:42:47.000Z
08740754720258100001,785,NÃO CONCEDIDA,2025-09-01T15:54:09.000Z
08827015520258100001,332,CONCEDIDA,2025-09-10T21:15:27.000Z
08747951420258100001,785,NÃO CONCEDIDA,2025-10-13T16:46:04.000Z
08863831820258100001,785,NÃO CONCEDIDA,2025-09-24T17:59:52.000Z
08818536820258100001,332,CONCEDIDA,2025-09-09T16:54:22.000Z
08830947720258100001,785,NÃO CONCEDIDA,2026-02-11T23:35:14.000Z
08790302420258100001,785,NÃO CONCEDIDA,2025-10-23T10:11:50.000Z
08796937020258100001,332,CONCEDIDA,2025-10-15T11:21:30.000Z
08929169020258100001,785,NÃO CONCEDIDA,2025-10-28T21:47:49.000Z
08835399520258100001,332,CONCEDIDA,2025-09-13T03:22:15.000Z
09006119520258100001,332,CONCEDIDA,2025-11-28T15:20:23.000Z
09014866520258100001,785,NÃO CONCEDIDA,2025-11-07T18:11:04.000Z
09019915620258100001,332,CONCEDIDA,2025-11-17T13:43:17.000Z
09130443420258100001,332,CONCEDIDA,2025-12-19T16:28:46.000Z
09027761820258100001,332,CONCEDIDA,2025-11-17T13:45:45.000Z
09042009520258100001,332,CONCEDIDA,2025-11-17T21:55:57.000Z
09029052320258100001,785,NÃO CONCEDIDA,2025-11-26T16:41:53.000Z
09025545020258100001,785,NÃO CONCEDIDA,2025-11-25T15:48:40.000Z
08074162220268100001,785,NÃO CONCEDIDA,2026-02-20T17:16:17.000Z
08095667320268100001,332,CONCEDIDA,2026-02-20T16:58:33.000Z
08135627920268100001,332,CONCEDIDA,2026-02-25T21:23:20.000Z
08144010720268100001,332,CONCEDIDA,2026-03-02T15:38:59.000Z
08149250420268100001,332,CONCEDIDA,2026-03-31T12:27:47.000Z
08167273720268100001,332,CONCEDIDA,2026-03-07T02:32:23.000Z
08148437020268100001,332,CONCEDIDA,2026-03-17T15:30:59.000Z
08198565020268100001,785,NÃO CONCEDIDA,2026-03-31T15:09:27.000Z
08164952520268100001,332,CONCEDIDA,2026-03-06T16:55:02.000Z
08208143620268100001,785,NÃO CONCEDIDA,2026-03-24T17:57:16.000Z
08227872620268100001,785,NÃO CONCEDIDA,2026-05-27T12:53:33.000Z
08220497220258100001,332,CONCEDIDA,2025-04-29T09:17:28.000Z
08249268220258100001,785,NÃO CONCEDIDA,2025-04-01T16:48:31.000Z
08217531620268100001,332,CONCEDIDA,2026-03-25T22:44:59.000Z
08253967920268100001,332,CONCEDIDA,2026-04-04T02:34:35.000Z
08287960420268100001,332,CONCEDIDA,2026-04-16T16:13:01.000Z
08222728820268100001,332,CONCEDIDA,2026-03-24T21:05:19.000Z
08237000820268100001,332,CONCEDIDA,2026-05-05T15:43:36.000Z
08247272620268100001,332,CONCEDIDA,2026-04-01T12:07:31.000Z
08255941920268100001,785,NÃO CONCEDIDA,2026-04-14T22:54:51.000Z
08285686320258100001,332,CONCEDIDA,2025-04-02T01:25:16.000Z
08291745720268100001,332,CONCEDIDA,2026-05-07T14:38:48.000Z
08335230620268100001,785,NÃO CONCEDIDA,2026-05-27T10:56:55.000Z
08275048120268100001,332,CONCEDIDA,2026-05-14T09:50:27.000Z
08287874220268100001,785,NÃO CONCEDIDA,2026-06-02T15:54:17.000Z
08341310420268100001,332,CONCEDIDA,2026-05-05T16:16:16.000Z
08415369120268100001,889,CONCEDIDA EM PARTE,2026-05-28T11:06:54.000Z
08306555520268100001,785,NÃO CONCEDIDA,2026-05-17T17:07:40.000Z
08368947520268100001,332,CONCEDIDA,2026-05-14T12:23:50.000Z
08347867320268100001,785,NÃO CONCEDIDA,2026-07-13T11:10:34.000Z
08371147320268100001,332,CONCEDIDA,2026-05-14T09:53:07.000Z
08381167820268100001,332,CONCEDIDA,2026-05-19T22:30:24.000Z
08477742920268100001,785,NÃO CONCEDIDA,2026-06-26T12:33:22.000Z
08364178620258100001,889,CONCEDIDA EM PARTE,2025-05-05T11:28:36.000Z
08380474620268100001,785,NÃO CONCEDIDA,2026-06-02T14:35:33.000Z
08414875020268100001,785,NÃO CONCEDIDA,2026-06-14T12:59:34.000Z
08426231920258100001,332,CONCEDIDA,2025-06-11T14:03:20.000Z
08444433920268100001,332,CONCEDIDA,2026-06-04T11:19:10.000Z
08466570320268100001,785,NÃO CONCEDIDA,2026-06-17T16:10:34.000Z
08488066920268100001,332,CONCEDIDA,2026-06-22T22:44:16.000Z
08436370420268100001,785,NÃO CONCEDIDA,2026-06-08T19:16:39.000Z
08441835920268100001,332,CONCEDIDA,2026-06-08T17:24:46.000Z
08360142020258100001,785,NÃO CONCEDIDA,2025-08-07T09:47:13.000Z
08406615820258100001,785,NÃO CONCEDIDA,2025-06-01T18:26:11.000Z
08469048120268100001,332,CONCEDIDA,2026-06-12T16:08:54.000Z
08582762720268100001,332,CONCEDIDA,2026-07-22T11:18:10.000Z
08516060720258100001,785,NÃO CONCEDIDA,2025-09-15T21:59:25.000Z
08531855320268100001,785,NÃO CONCEDIDA,2026-07-17T09:38:08.000Z
08541255220258100001,785,NÃO CONCEDIDA,2025-06-18T12:53:09.000Z
08549895620268100001,332,CONCEDIDA,2026-07-09T23:16:40.000Z
08558082720258100001,332,CONCEDIDA,2025-06-21T00:56:20.000Z
08556498420258100001,889,CONCEDIDA EM PARTE,2025-06-20T15:17:47.000Z
08585967720268100001,785,NÃO CONCEDIDA,2026-07-23T17:11:08.000Z
08570569120268100001,785,NÃO CONCEDIDA,2026-07-23T17:11:10.000Z
08657569020258100001,332,CONCEDIDA,2025-07-18T21:17:44.000Z
08696463720258100001,785,NÃO CONCEDIDA,2025-09-09T11:10:21.000Z
08603591620268100001,332,CONCEDIDA,2026-07-25T15:40:04.000Z
08725754320258100001,332,CONCEDIDA,2025-08-21T11:13:03.000Z
09016165520258100001,332,CONCEDIDA,2025-11-11T19:08:52.000Z
08754975720258100001,332,CONCEDIDA,2025-09-02T11:58:25.000Z
08866412820258100001,332,CONCEDIDA,2025-10-08T16:45:59.000Z
08537123920258100001,785,NÃO CONCEDIDA,2025-07-31T23:02:59.000Z
09106566120258100001,332,CONCEDIDA,2025-12-10T03:02:16.000Z
08941657620258100001,332,CONCEDIDA,2025-10-16T00:16:16.000Z
08942315620258100001,332,CONCEDIDA,2025-10-28T12:08:15.000Z
08603401020268100001,332,CONCEDIDA,2026-07-25T10:57:18.000Z
08692436820258100001,332,CONCEDIDA,2025-09-04T09:11:56.000Z
08706735520258100001,332,CONCEDIDA,2025-08-22T15:14:23.000Z
09074235620258100001,332,CONCEDIDA,2025-12-10T16:42:09.000Z
09151766420258100001,785,NÃO CONCEDIDA,2026-01-23T21:23:35.000Z
08731739420258100001,785,NÃO CONCEDIDA,2025-08-28T16:08:41.000Z
08873133620258100001,332,CONCEDIDA,2025-09-26T12:25:25.000Z
08699417420258100001,785,NÃO CONCEDIDA,2025-08-12T10:39:07.000Z
08667554320258100001,332,CONCEDIDA,2025-07-24T12:04:14.000Z
08769335120258100001,332,CONCEDIDA,2025-08-23T23:01:18.000Z
08964564920258100001,889,CONCEDIDA EM PARTE,2025-11-07T18:11:07.000Z
09034023720258100001,332,CONCEDIDA,2025-11-27T22:35:54.000Z
09087867820258100001,332,CONCEDIDA,2025-12-11T18:13:00.000Z
08924777920258100001,332,CONCEDIDA,2025-10-09T22:30:23.000Z
08992365920258100001,332,CONCEDIDA,2025-11-07T18:17:37.000Z
08975702320258100001,332,CONCEDIDA,2025-11-12T15:07:37.000Z
09101655420258100001,332,CONCEDIDA,2026-01-07T16:36:42.000Z
08676388720258100001,332,CONCEDIDA,2025-08-12T12:28:55.000Z
09082540720258100001,332,CONCEDIDA,2025-12-02T16:31:36.000Z
09082766520258100001,785,NÃO CONCEDIDA,2026-03-17T12:35:10.000Z
09051951120258100001,332,CONCEDIDA,2025-12-01T13:41:15.000Z
08031058520268100001,785,NÃO CONCEDIDA,2026-05-08T16:57:32.000Z
08038921720268100001,332,CONCEDIDA,2026-02-20T17:29:05.000Z
08076258820268100001,785,NÃO CONCEDIDA,2026-02-11T16:16:34.000Z
08078042220268100001,332,CONCEDIDA,2026-02-22T21:20:14.000Z
08081368620268100001,332,CONCEDIDA,2026-02-05T17:06:41.000Z
08112840820268100001,332,CONCEDIDA,2026-02-16T15:32:15.000Z
08131618020268100001,332,CONCEDIDA,2026-03-02T15:48:25.000Z
08157582220268100001,785,NÃO CONCEDIDA,2026-04-08T21:05:01.000Z
08169490520268100001,785,NÃO CONCEDIDA,2026-04-16T22:15:21.000Z
08167715620268100001,332,CONCEDIDA,2026-03-24T17:24:54.000Z
08277247920268100001,785,NÃO CONCEDIDA,2026-04-16T22:38:36.000Z
08289574820258100001,332,CONCEDIDA,2025-04-03T10:24:03.000Z
08310842220268100001,332,CONCEDIDA,2026-04-28T15:54:24.000Z
08384268420268100001,332,CONCEDIDA,2026-05-25T15:43:41.000Z
08397131920258100001,332,CONCEDIDA,2025-06-16T11:40:52.000Z
08414736620268100001,332,CONCEDIDA,2026-05-26T20:11:51.000Z
08444619420258100001,332,CONCEDIDA,2025-06-11T12:06:28.000Z
08186970920258100001,332,CONCEDIDA,2025-03-04T10:03:35.000Z
08224775420258100001,889,CONCEDIDA EM PARTE,2025-04-03T17:48:42.000Z
08267556420268100001,332,CONCEDIDA,2026-04-23T22:29:43.000Z
08305700620258100001,332,CONCEDIDA,2025-06-23T11:08:36.000Z
08345875120268100001,785,NÃO CONCEDIDA,2026-06-08T17:35:24.000Z
08418090720258100001,332,CONCEDIDA,2025-05-16T11:21:56.000Z
08482982620268100001,785,NÃO CONCEDIDA,2026-07-01T12:20:05.000Z
08278913320258100001,785,NÃO CONCEDIDA,2025-04-01T14:18:51.000Z
08367474920268100001,332,CONCEDIDA,2026-06-01T22:55:23.000Z
08382951220268100001,785,NÃO CONCEDIDA,2026-07-10T09:34:59.000Z
08388762720268100001,332,CONCEDIDA,2026-05-26T16:18:35.000Z
08395544220268100001,785,NÃO CONCEDIDA,2026-06-19T13:30:46.000Z
08443931320268100001,332,CONCEDIDA,2026-06-03T22:27:46.000Z
08444087920268100001,889,CONCEDIDA EM PARTE,2026-06-03T23:48:30.000Z
08465384220268100001,785,NÃO CONCEDIDA,2026-07-15T15:27:04.000Z
08468505220258100001,332,CONCEDIDA,2025-05-26T22:19:19.000Z
08478756620268100001,785,NÃO CONCEDIDA,2026-06-17T15:00:55.000Z
08494816620258100001,785,NÃO CONCEDIDA,2025-06-13T10:00:54.000Z
08632755720258100001,332,CONCEDIDA,2025-07-22T22:22:07.000Z
08929125320258100001,785,NÃO CONCEDIDA,2025-10-23T17:23:13.000Z
08845055820258100001,332,CONCEDIDA,2025-09-17T11:17:37.000Z
08429364320268100001,785,NÃO CONCEDIDA,2026-06-23T23:44:05.000Z
08503457020268100001,785,NÃO CONCEDIDA,2026-07-13T23:05:56.000Z
08658348420258100001,332,CONCEDIDA,2025-07-19T22:01:30.000Z
08846051320258100001,785,NÃO CONCEDIDA,2025-11-27T22:35:57.000Z
08865390620258100001,889,CONCEDIDA EM PARTE,2025-09-30T22:39:39.000Z
08840725420258100001,332,CONCEDIDA,2025-09-16T01:27:27.000Z
08884869520258100001,785,NÃO CONCEDIDA,2025-11-07T18:11:06.000Z
09018469720258100001,332,CONCEDIDA,2025-11-10T15:56:36.000Z
08991707920258100001,785,NÃO CONCEDIDA,2025-12-01T18:30:09.000Z
09102669120258100001,785,NÃO CONCEDIDA,2025-12-18T08:49:41.000Z
08607466520258100001,332,CONCEDIDA,2025-08-15T15:37:01.000Z
08916645220258100001,785,NÃO CONCEDIDA,2025-10-13T15:45:27.000Z
08955522920258100001,332,CONCEDIDA,2025-11-18T14:57:24.000Z
09053562120258100001,332,CONCEDIDA,2025-12-11T17:45:04.000Z
09116898620258100001,332,CONCEDIDA,2025-12-18T23:49:45.000Z
08927020220258100001,332,CONCEDIDA,2025-10-23T11:09:04.000Z
08951349120258100001,785,NÃO CONCEDIDA,2025-11-07T12:22:21.000Z
08975928120258100001,332,CONCEDIDA,2025-11-11T12:29:47.000Z
09048062620258100001,785,NÃO CONCEDIDA,2025-12-15T08:37:22.000Z
09129230620258100001,332,CONCEDIDA,2026-01-20T16:13:21.000Z
09139849620258100001,785,NÃO CONCEDIDA,2026-02-05T16:37:47.000Z
08009761020268100001,889,CONCEDIDA EM PARTE,2026-01-14T10:38:19.000Z
08118842920268100001,332,CONCEDIDA,2026-02-20T10:12:01.000Z
08646733920258100001,785,NÃO CONCEDIDA,2025-08-07T10:53:32.000Z
08513840520268100001,785,NÃO CONCEDIDA,2026-07-01T17:21:04.000Z
08005006920268100001,332,CONCEDIDA,2026-01-06T23:35:58.000Z
08012220620268100001,332,CONCEDIDA,2026-01-29T16:11:55.000Z
08031404520268100001,332,CONCEDIDA,2026-01-17T20:40:00.000Z
08009700320268100001,332,CONCEDIDA,2026-01-22T12:04:43.000Z
08031984820268100001,332,CONCEDIDA,2026-01-18T22:53:54.000Z
08037536520268100001,332,CONCEDIDA,2026-01-30T16:09:37.000Z
08049132820268100001,332,CONCEDIDA,2026-01-29T15:16:53.000Z
08083411820268100001,332,CONCEDIDA,2026-02-11T15:44:22.000Z
08136268920268100001,785,NÃO CONCEDIDA,2026-03-01T22:21:28.000Z
08189067520258100001,332,CONCEDIDA,2025-03-06T02:31:25.000Z
08184104620258100001,785,NÃO CONCEDIDA,2025-06-24T16:04:10.000Z
08186019120258100001,332,CONCEDIDA,2025-08-12T11:14:21.000Z
08219146020258100001,332,CONCEDIDA,2025-03-14T09:11:30.000Z
08222286920268100001,785,NÃO CONCEDIDA,2026-04-16T21:45:28.000Z
08225936020258100001,332,CONCEDIDA,2025-03-16T14:07:50.000Z
08255067820268100001,332,CONCEDIDA,2026-04-05T16:56:10.000Z
08250056120258100001,332,CONCEDIDA,2025-03-22T14:37:19.000Z
08250064620258100001,889,CONCEDIDA EM PARTE,2025-03-24T09:10:45.000Z
08276939320258100001,889,CONCEDIDA EM PARTE,2025-08-07T16:00:57.000Z
08275743520258100001,785,NÃO CONCEDIDA,2025-04-01T10:06:30.000Z
08329985820258100001,332,CONCEDIDA,2025-06-05T22:18:42.000Z
08304947920258100001,889,CONCEDIDA EM PARTE,2025-04-30T07:15:25.000Z
08349601920258100001,889,CONCEDIDA EM PARTE,2025-08-18T10:34:40.000Z
08359726820258100001,785,NÃO CONCEDIDA,2025-08-12T09:28:53.000Z
08360428520258100001,332,CONCEDIDA,2025-04-28T15:08:19.000Z
08375385220258100001,785,NÃO CONCEDIDA,2025-06-04T23:35:09.000Z
08401981920258100001,785,NÃO CONCEDIDA,2025-05-09T04:51:36.000Z
08401359120258100001,785,NÃO CONCEDIDA,2025-07-02T11:46:14.000Z
08388038920258100001,332,CONCEDIDA,2025-05-06T00:36:53.000Z
08405256120258100001,332,CONCEDIDA,2025-05-20T17:03:25.000Z
08436512220258100001,332,CONCEDIDA,2025-06-03T17:07:00.000Z
08449252120258100001,332,CONCEDIDA,2025-06-17T11:50:30.000Z
08488753820258100001,785,NÃO CONCEDIDA,2025-06-02T08:27:38.000Z
08502637320258100001,332,CONCEDIDA,2025-06-24T15:33:16.000Z
08506412920258100001,332,CONCEDIDA,2025-07-02T11:56:37.000Z
08507764120258100001,785,NÃO CONCEDIDA,2025-07-30T09:06:49.000Z
08516416420258100001,332,CONCEDIDA,2025-06-10T18:03:25.000Z
08512735520258100001,332,CONCEDIDA,2025-06-09T10:46:21.000Z
08554246420258100001,332,CONCEDIDA,2025-06-19T19:44:51.000Z
08607604920258100001,332,CONCEDIDA,2025-07-04T20:57:24.000Z
08636306720258100001,889,CONCEDIDA EM PARTE,2025-08-22T11:38:36.000Z
08647037420258100001,332,CONCEDIDA,2025-07-17T04:00:41.000Z
08637241520258100001,785,NÃO CONCEDIDA,2025-09-01T08:27:59.000Z
08658313220258100001,332,CONCEDIDA,2025-07-21T13:21:11.000Z
08704969120258100001,332,CONCEDIDA,2025-08-18T23:28:40.000Z
08717137220258100001,785,NÃO CONCEDIDA,2025-08-07T10:23:18.000Z
08738477220258100001,332,CONCEDIDA,2025-09-05T10:47:23.000Z
08759643620258100001,332,CONCEDIDA,2025-10-15T11:36:05.000Z
08743006720258100001,332,CONCEDIDA,2025-08-25T14:40:49.000Z
08748332620258100001,332,CONCEDIDA,2025-08-18T18:36:49.000Z
08783235620258100001,889,CONCEDIDA EM PARTE,2025-09-03T11:20:37.000Z
08826980320258100001,332,CONCEDIDA,2025-09-10T20:36:56.000Z
08762813420258100001,332,CONCEDIDA,2025-09-01T16:21:30.000Z
08844111320258100001,332,CONCEDIDA,2025-10-10T12:44:10.000Z
08907265720258100001,785,NÃO CONCEDIDA,2025-10-23T18:07:24.000Z
08865564220258100001,332,CONCEDIDA,2025-10-09T16:44:59.000Z
08866049820258100001,332,CONCEDIDA,2025-10-02T16:51:03.000Z
08897322920258100001,785,NÃO CONCEDIDA,2025-10-31T10:59:33.000Z
08866777020258100001,785,NÃO CONCEDIDA,2025-10-07T21:35:40.000Z
09032265820258100001,332,CONCEDIDA,2025-11-14T16:41:35.000Z
09053926320258100001,332,CONCEDIDA,2026-01-08T10:53:45.000Z
09040874420258100001,332,CONCEDIDA,2026-04-14T18:42:39.000Z
09027017620258100001,332,CONCEDIDA,2026-01-22T09:28:51.000Z
09042269320258100001,785,NÃO CONCEDIDA,2026-01-15T17:10:25.000Z
09147842720258100001,889,CONCEDIDA EM PARTE,2026-01-05T13:34:12.000Z
09116811220258100001,332,CONCEDIDA,2026-02-04T15:09:05.000Z
09142403920258100001,332,CONCEDIDA,2025-12-19T16:28:11.000Z
09081848720258100001,785,NÃO CONCEDIDA,2026-02-11T23:31:10.000Z
09066310520258100001,332,CONCEDIDA,2025-12-11T16:26:37.000Z
09134367120258100001,785,NÃO CONCEDIDA,2026-02-20T11:12:19.000Z
09145669620258100001,785,NÃO CONCEDIDA,2026-02-02T21:59:32.000Z
08065553620268100001,785,NÃO CONCEDIDA,2026-03-20T15:42:15.000Z
08060833520268100001,332,CONCEDIDA,2026-01-29T11:15:24.000Z
08073954620268100001,785,NÃO CONCEDIDA,2026-02-03T12:06:54.000Z
08078813120268100001,332,CONCEDIDA,2026-02-23T16:28:36.000Z
08136069820268100001,785,NÃO CONCEDIDA,2026-02-26T04:38:04.000Z
08124264720268100001,332,CONCEDIDA,2026-02-22T23:18:43.000Z
08174777320258100001,332,CONCEDIDA,2025-02-26T23:19:19.000Z
08143266520268100001,785,NÃO CONCEDIDA,2026-03-04T21:42:19.000Z
08163108420268100001,332,CONCEDIDA,2026-03-05T23:54:53.000Z
08198732320258100001,332,CONCEDIDA,2025-03-08T18:28:35.000Z
08164869720258100001,332,CONCEDIDA,2025-02-25T20:41:59.000Z
08194546620268100001,332,CONCEDIDA,2026-04-23T22:04:38.000Z
08208767620268100001,332,CONCEDIDA,2026-04-16T16:05:35.000Z
08210181720258100001,332,CONCEDIDA,2025-03-28T10:19:13.000Z
08222944920268100001,332,CONCEDIDA,2026-03-27T10:33:23.000Z
08251103820258100001,332,CONCEDIDA,2025-04-01T15:05:57.000Z
08281381420258100001,332,CONCEDIDA,2025-03-31T20:23:49.000Z
08281546520258100001,332,CONCEDIDA,2025-04-09T10:21:11.000Z
08248883620268100001,332,CONCEDIDA,2026-04-01T16:31:39.000Z
08252469820268100001,889,CONCEDIDA EM PARTE,2026-04-14T21:15:35.000Z
08253716620268100001,332,CONCEDIDA,2026-04-03T14:21:31.000Z
08253188520268100001,332,CONCEDIDA,2026-04-02T21:16:06.000Z
08357376720268100001,785,NÃO CONCEDIDA,2026-05-23T22:25:43.000Z
08335776920268100001,332,CONCEDIDA,2026-05-06T19:37:08.000Z
08296867420258100001,332,CONCEDIDA,2025-04-09T10:37:40.000Z
08421474420268100001,332,CONCEDIDA,2026-07-06T12:03:48.000Z
08302103720268100001,332,CONCEDIDA,2026-04-21T12:09:15.000Z
08461487220268100001,332,CONCEDIDA,2026-06-11T20:55:53.000Z
08393035820258100001,785,NÃO CONCEDIDA,2025-05-20T17:03:25.000Z
08415610720268100001,332,CONCEDIDA,2026-05-27T03:52:56.000Z
08399736220268100001,889,CONCEDIDA EM PARTE,2026-05-29T20:13:06.000Z
08399770220268100001,785,NÃO CONCEDIDA,2026-06-10T16:35:10.000Z
08413662220268100001,785,NÃO CONCEDIDA,2026-06-26T12:16:56.000Z
08405374120268100001,332,CONCEDIDA,2026-06-14T12:44:51.000Z
08461841720268100001,332,CONCEDIDA,2026-06-11T10:30:51.000Z
08493612320258100001,332,CONCEDIDA,2025-06-09T23:30:32.000Z
08472572420268100001,332,CONCEDIDA,2026-06-15T13:15:52.000Z
08508838520258100001,332,CONCEDIDA,2025-06-23T23:38:33.000Z
08365664820268100001,332,CONCEDIDA,2026-07-20T11:45:45.000Z
08394963920268100001,785,NÃO CONCEDIDA,2026-06-30T22:17:18.000Z
08545548220268100001,332,CONCEDIDA,2026-07-08T20:52:10.000Z
08450245420268100001,332,CONCEDIDA,2026-06-22T22:41:02.000Z
08456974720268100001,332,CONCEDIDA,2026-06-10T00:02:11.000Z
08470277920268100001,785,NÃO CONCEDIDA,2026-06-15T10:17:56.000Z
08563467120268100001,785,NÃO CONCEDIDA,2026-07-24T16:21:28.000Z
08463967220258100001,785,NÃO CONCEDIDA,2025-07-18T17:09:31.000Z
08475249320268100001,785,NÃO CONCEDIDA,2026-06-16T21:14:45.000Z
08484974820268100001,332,CONCEDIDA,2026-06-18T11:31:17.000Z
08478923920258100001,332,CONCEDIDA,2025-07-08T10:28:29.000Z
08509649720268100001,785,NÃO CONCEDIDA,2026-07-20T11:47:12.000Z
08530001520268100001,889,CONCEDIDA EM PARTE,2026-07-23T19:07:10.000Z
08547456420258100001,332,CONCEDIDA,2025-08-12T16:54:39.000Z
08545253220268100001,785,NÃO CONCEDIDA,2026-07-10T09:29:52.000Z
08552051720268100001,785,NÃO CONCEDIDA,2026-07-16T21:40:42.000Z
08588161220258100001,332,CONCEDIDA,2025-07-10T12:11:56.000Z
08683992120258100001,332,CONCEDIDA,2025-07-26T11:02:21.000Z
08834966120258100001,785,NÃO CONCEDIDA,2025-09-22T09:41:25.000Z
08795525120258100001,785,NÃO CONCEDIDA,2025-11-13T22:14:42.000Z
08996696320258100001,785,NÃO CONCEDIDA,2025-12-15T21:15:49.000Z
09071438520258100001,332,CONCEDIDA,2026-01-12T18:12:27.000Z
09149340820258100001,785,NÃO CONCEDIDA,2026-01-28T10:49:55.000Z
09095056020258100001,332,CONCEDIDA,2026-01-07T17:03:07.000Z
08687456920258100001,332,CONCEDIDA,2025-08-04T11:55:18.000Z
08859484420258100001,332,CONCEDIDA,2025-09-20T19:51:07.000Z
08902155920258100001,332,CONCEDIDA,2025-10-20T11:08:55.000Z
08941613920258100001,332,CONCEDIDA,2025-10-16T11:35:22.000Z
08980137120258100001,332,CONCEDIDA,2025-11-03T22:40:31.000Z
08962019120258100001,332,CONCEDIDA,2025-11-26T17:06:13.000Z
08963664120258100001,332,CONCEDIDA,2025-11-07T12:36:33.000Z
09127221420258100001,785,NÃO CONCEDIDA,2026-01-19T16:58:28.000Z
08725096320258100001,332,CONCEDIDA,2025-08-27T10:32:13.000Z
08954267620258100001,785,NÃO CONCEDIDA,2025-10-23T11:20:20.000Z
08768365120258100001,785,NÃO CONCEDIDA,2025-08-25T23:20:15.000Z
09063046020258100001,785,NÃO CONCEDIDA,2025-12-11T16:38:08.000Z
08903541120258100001,332,CONCEDIDA,2025-10-17T12:35:55.000Z
08846848920258100001,785,NÃO CONCEDIDA,2025-09-25T20:48:01.000Z
09013705920258100001,332,CONCEDIDA,2025-11-14T16:58:12.000Z
09085433720258100001,332,CONCEDIDA,2025-12-16T16:09:40.000Z
09066440420258100001,785,NÃO CONCEDIDA,2025-11-26T16:48:12.000Z
09015524520258100001,889,CONCEDIDA EM PARTE,2025-11-28T13:04:41.000Z
08689864320258100001,332,CONCEDIDA,2025-09-01T17:07:58.000Z
08931429520258100001,785,NÃO CONCEDIDA,2025-10-20T11:16:31.000Z
09025467320258100001,785,NÃO CONCEDIDA,2025-11-13T23:52:33.000Z
09083459720258100001,332,CONCEDIDA,2025-12-04T23:43:06.000Z
09138333320258100001,332,CONCEDIDA,2025-12-19T13:30:24.000Z
08983566720258100001,785,NÃO CONCEDIDA,2025-11-11T19:13:35.000Z
09077742920258100001,332,CONCEDIDA,2025-12-10T16:36:23.000Z
08001343020268100001,785,NÃO CONCEDIDA,2026-02-11T23:32:33.000Z
08012463420268100001,785,NÃO CONCEDIDA,2026-02-26T10:23:55.000Z
08097364520268100001,785,NÃO CONCEDIDA,2026-03-05T18:26:02.000Z
08123623720268100001,332,CONCEDIDA,2026-02-22T12:59:57.000Z
08153052720268100001,332,CONCEDIDA,2026-03-10T14:45:48.000Z
08252356920268100001,785,NÃO CONCEDIDA,2026-04-14T21:44:36.000Z
08252539020268100001,332,CONCEDIDA,2026-04-16T22:29:56.000Z
08271375720268100001,332,CONCEDIDA,2026-05-06T12:08:13.000Z
08270145920268100001,785,NÃO CONCEDIDA,2026-04-22T21:41:40.000Z
08365425420258100001,785,NÃO CONCEDIDA,2025-07-23T16:12:27.000Z
08322075520268100001,332,CONCEDIDA,2026-05-11T13:27:35.000Z
08369138120268100001,332,CONCEDIDA,2026-05-21T10:12:38.000Z
08371562520268100001,332,CONCEDIDA,2026-05-14T12:46:36.000Z
08379091620258100001,332,CONCEDIDA,2025-05-01T14:50:52.000Z
08429900920268100001,332,CONCEDIDA,2026-05-31T16:10:14.000Z
08214304520258100001,332,CONCEDIDA,2025-03-13T00:28:02.000Z
08201847720268100001,332,CONCEDIDA,2026-04-16T15:54:32.000Z
08309243120258100001,332,CONCEDIDA,2025-04-09T19:05:49.000Z
08292700920258100001,332,CONCEDIDA,2025-04-04T17:05:48.000Z
08318922720268100001,332,CONCEDIDA,2026-04-26T21:26:43.000Z
08324390420258100001,332,CONCEDIDA,2025-04-13T20:09:22.000Z
08349507220258100001,332,CONCEDIDA,2025-04-23T14:35:08.000Z
08433914220258100001,332,CONCEDIDA,2025-07-07T10:17:13.000Z
08452592120268100001,332,CONCEDIDA,2026-06-09T06:16:23.000Z
08291901120268100001,785,NÃO CONCEDIDA,2026-04-23T16:03:41.000Z
08276558120258100001,785,NÃO CONCEDIDA,2025-03-31T11:05:42.000Z
08306226520268100001,785,NÃO CONCEDIDA,2026-05-19T11:57:08.000Z
08311579120268100001,332,CONCEDIDA,2026-04-29T21:51:56.000Z
08264386620268100001,785,NÃO CONCEDIDA,2026-04-14T22:12:21.000Z
08342396720258100001,332,CONCEDIDA,2025-04-22T16:19:26.000Z
08395760320268100001,332,CONCEDIDA,2026-05-27T10:55:32.000Z
08395847720268100001,332,CONCEDIDA,2026-06-19T13:16:34.000Z
08387909020258100001,332,CONCEDIDA,2025-05-13T17:33:21.000Z
08419993320268100001,332,CONCEDIDA,2026-05-29T11:37:35.000Z
08428065320268100001,785,NÃO CONCEDIDA,2026-06-12T16:57:44.000Z
08481484520268100001,785,NÃO CONCEDIDA,2026-07-08T13:11:51.000Z
08487905220258100001,785,NÃO CONCEDIDA,2025-05-31T20:47:52.000Z
08501663920268100001,332,CONCEDIDA,2026-07-01T17:25:20.000Z
08525154920258100001,785,NÃO CONCEDIDA,2025-07-30T09:41:20.000Z
08612437920258100001,889,CONCEDIDA EM PARTE,2025-07-31T12:19:15.000Z
08814596120258100001,332,CONCEDIDA,2025-09-25T12:03:20.000Z
08891840420258100001,332,CONCEDIDA,2025-10-02T23:17:10.000Z
09030931620258100001,332,CONCEDIDA,2025-11-24T13:07:32.000Z
09045533820258100001,332,CONCEDIDA,2025-12-02T10:46:21.000Z
08498078920268100001,332,CONCEDIDA,2026-06-25T16:18:06.000Z
08507666020268100001,785,NÃO CONCEDIDA,2026-07-01T11:52:29.000Z
08566137720258100001,889,CONCEDIDA EM PARTE,2025-08-01T11:06:13.000Z
08868361320258100001,332,CONCEDIDA,2025-09-29T23:58:14.000Z
08945078720258100001,332,CONCEDIDA,2025-10-16T16:36:09.000Z
09089548020258100001,785,NÃO CONCEDIDA,2025-12-09T16:59:56.000Z
08976161220258100001,332,CONCEDIDA,2025-10-28T15:38:46.000Z
09016416820258100001,332,CONCEDIDA,2025-12-01T13:41:15.000Z
09123661920258100001,332,CONCEDIDA,2025-12-15T03:42:53.000Z
09077734420258100001,332,CONCEDIDA,2025-11-28T23:27:22.000Z
09136133520258100001,332,CONCEDIDA,2025-12-17T20:11:57.000Z
08609111520258100001,785,NÃO CONCEDIDA,2025-08-04T10:35:10.000Z
08717665320258100001,332,CONCEDIDA,2025-08-25T21:50:24.000Z
08775345720258100001,785,NÃO CONCEDIDA,2025-09-23T22:41:56.000Z
09145617420258100001,332,CONCEDIDA,2025-12-20T22:40:48.000Z
08309708320268100001,332,CONCEDIDA,2026-04-24T09:26:11.000Z
08271222520258100001,332,CONCEDIDA,2025-03-31T11:18:18.000Z
09134660920258100001,332,CONCEDIDA,2026-02-09T16:32:28.000Z
08282651520268100001,785,NÃO CONCEDIDA,2026-04-29T21:59:57.000Z
08487731620258100001,332,CONCEDIDA,2025-05-31T15:26:12.000Z
08841132120258100001,332,CONCEDIDA,2025-11-03T11:37:42.000Z
08001351520268100001,785,NÃO CONCEDIDA,2026-02-11T14:45:07.000Z
08004152020258100001,332,CONCEDIDA,2025-01-06T01:25:13.000Z
08026866520268100001,332,CONCEDIDA,2026-02-05T16:05:12.000Z
08023453920268100001,785,NÃO CONCEDIDA,2026-02-11T16:20:48.000Z
08039338120268100001,332,CONCEDIDA,2026-01-23T22:13:48.000Z
08019811420258100127,332,CONCEDIDA,2025-09-10T12:31:07.000Z
08045556320268100001,785,NÃO CONCEDIDA,2026-02-06T15:14:32.000Z
08071252220268100001,785,NÃO CONCEDIDA,2026-02-09T12:29:55.000Z
08126776520268100001,332,CONCEDIDA,2026-02-26T11:23:20.000Z
08129313820268100001,332,CONCEDIDA,2026-03-16T10:35:16.000Z
08131331520268100001,332,CONCEDIDA,2026-04-05T22:43:05.000Z
08141352020268100001,785,NÃO CONCEDIDA,2026-04-08T21:36:19.000Z
08167637920268100001,332,CONCEDIDA,2026-03-07T17:12:10.000Z
08168852920258100001,889,CONCEDIDA EM PARTE,2025-02-26T13:20:41.000Z
08169347020258100001,332,CONCEDIDA,2025-02-28T11:53:29.000Z
08165102820258100001,332,CONCEDIDA,2025-02-25T13:53:33.000Z
08193163620258100001,332,CONCEDIDA,2025-03-10T10:00:01.000Z
08187066820258100001,332,CONCEDIDA,2025-03-10T13:55:00.000Z
08179904120258100001,332,CONCEDIDA,2025-03-13T22:13:35.000Z
08188781020258100001,332,CONCEDIDA,2025-03-06T17:22:24.000Z
08184096120258100001,332,CONCEDIDA,2025-04-23T16:49:41.000Z
08177141020258100001,332,CONCEDIDA,2025-02-28T18:29:48.000Z
08199413620268100001,332,CONCEDIDA,2026-03-24T19:52:48.000Z
08244608820258100001,332,CONCEDIDA,2025-03-21T13:18:57.000Z
08238121120258100001,332,CONCEDIDA,2025-03-19T16:04:10.000Z
08240251720258100001,332,CONCEDIDA,2025-03-20T14:35:00.000Z
08282160820258100001,889,CONCEDIDA EM PARTE,2025-08-27T22:30:58.000Z
08299959520258100001,332,CONCEDIDA,2025-04-07T12:41:46.000Z
08268027220258100001,332,CONCEDIDA,2025-03-31T12:56:58.000Z
08276210920258100001,889,CONCEDIDA EM PARTE,2025-03-29T14:19:10.000Z
08302805420268100001,332,CONCEDIDA,2026-04-21T20:08:47.000Z
08302626720258100001,332,CONCEDIDA,2025-04-08T11:58:59.000Z
08309113220258100001,785,NÃO CONCEDIDA,2025-04-28T12:00:36.000Z
08345566520258100001,785,NÃO CONCEDIDA,2025-04-28T14:57:19.000Z
08320285820258100001,785,NÃO CONCEDIDA,2025-04-28T11:47:00.000Z
08336403120258100001,332,CONCEDIDA,2025-04-22T18:48:26.000Z
08352564120258100001,785,NÃO CONCEDIDA,2025-04-28T18:20:43.000Z
08341296820258100001,332,CONCEDIDA,2025-04-22T18:48:25.000Z
08321983020258100001,332,CONCEDIDA,2025-04-11T19:20:37.000Z
08326951020268100001,332,CONCEDIDA,2026-05-08T16:56:16.000Z
08339070320258100001,332,CONCEDIDA,2025-06-11T14:24:08.000Z
08318570420258100001,332,CONCEDIDA,2025-06-25T00:11:18.000Z
08343314520258100001,785,NÃO CONCEDIDA,2025-04-28T14:58:09.000Z
08372588120258100001,332,CONCEDIDA,2025-04-29T21:24:49.000Z
08363242620258100001,332,CONCEDIDA,2025-04-26T22:46:06.000Z
08385795420258100001,332,CONCEDIDA,2025-05-08T10:58:39.000Z
08379239720258100001,785,NÃO CONCEDIDA,2025-05-19T14:37:39.000Z
08401618920258100001,332,CONCEDIDA,2025-05-12T23:02:35.000Z
08409266020258100001,332,CONCEDIDA,2025-06-09T23:48:23.000Z
08384219620258100001,889,CONCEDIDA EM PARTE,2025-05-05T06:13:59.000Z
08386920820258100001,332,CONCEDIDA,2025-05-20T17:03:25.000Z
08393364820258100001,332,CONCEDIDA,2025-05-07T02:55:19.000Z
08409915520258100001,332,CONCEDIDA,2025-07-04T17:17:30.000Z
08458241920258100001,785,NÃO CONCEDIDA,2025-06-17T23:29:52.000Z
08462130420258100001,332,CONCEDIDA,2025-07-15T13:52:47.000Z
08491862920258100001,785,NÃO CONCEDIDA,2025-08-22T16:02:34.000Z
08519620220258100001,785,NÃO CONCEDIDA,2025-08-07T16:05:41.000Z
08514459420258100001,332,CONCEDIDA,2025-07-15T19:06:04.000Z
08531494520258100001,785,NÃO CONCEDIDA,2025-06-17T12:55:15.000Z
08594102620258100001,889,CONCEDIDA EM PARTE,2025-08-27T11:34:15.000Z
08547655520258100001,332,CONCEDIDA,2025-06-19T11:47:26.000Z
08554038820258100001,332,CONCEDIDA,2025-06-30T14:56:22.000Z
08555666820258100001,785,NÃO CONCEDIDA,2025-07-25T12:10:44.000Z
08601741220258100001,332,CONCEDIDA,2025-08-14T15:37:41.000Z
08611147420258100001,332,CONCEDIDA,2025-07-24T15:12:16.000Z
08585537720258100001,332,CONCEDIDA,2025-07-31T12:15:01.000Z
08632772720258100001,332,CONCEDIDA,2025-07-12T18:29:58.000Z
08640836220258100001,332,CONCEDIDA,2025-07-22T16:22:33.000Z
08680164320258100001,785,NÃO CONCEDIDA,2025-09-22T09:07:01.000Z
08695944120258100001,332,CONCEDIDA,2025-08-07T11:09:58.000Z
08662115520258100001,785,NÃO CONCEDIDA,2025-07-23T15:07:16.000Z
08709454920258100001,332,CONCEDIDA,2025-08-26T09:53:45.000Z
08667459620258100001,785,NÃO CONCEDIDA,2025-07-23T00:05:10.000Z
08727356820258100001,785,NÃO CONCEDIDA,2025-11-03T17:13:10.000Z
08745474820258100001,785,NÃO CONCEDIDA,2025-09-09T17:20:12.000Z
08745950720258100001,332,CONCEDIDA,2025-09-26T11:27:12.000Z
08764181620258100001,332,CONCEDIDA,2025-08-22T00:54:56.000Z
08790570720258100001,332,CONCEDIDA,2025-09-16T15:53:18.000Z
08827258320258100001,332,CONCEDIDA,2025-09-11T17:25:10.000Z
08796512120258100001,785,NÃO CONCEDIDA,2025-09-02T16:10:52.000Z
08756534520258100001,332,CONCEDIDA,2025-08-22T10:59:59.000Z
08863701920258100001,785,NÃO CONCEDIDA,2026-04-08T16:05:50.000Z
08766347420258100001,332,CONCEDIDA,2025-09-09T23:32:19.000Z
08810663920258100001,785,NÃO CONCEDIDA,2025-09-16T17:04:06.000Z
08799318920258100001,332,CONCEDIDA,2025-09-30T10:36:57.000Z
08854435320258100001,332,CONCEDIDA,2025-10-23T11:03:47.000Z
08875628420258100001,332,CONCEDIDA,2025-12-09T16:56:56.000Z
08881040520258100001,332,CONCEDIDA,2025-10-03T10:13:52.000Z
08840647720258100001,332,CONCEDIDA,2025-10-01T10:33:10.000Z
08795646520258100001,785,NÃO CONCEDIDA,2025-09-15T22:17:17.000Z
08941267920258100001,785,NÃO CONCEDIDA,2025-11-03T22:32:52.000Z
08941561720258100001,332,CONCEDIDA,2025-11-11T19:14:49.000Z
08960831820258100001,332,CONCEDIDA,2025-10-23T17:22:15.000Z
08984423820258100001,785,NÃO CONCEDIDA,2025-11-10T16:04:47.000Z
08970644720258100001,332,CONCEDIDA,2025-11-18T15:12:31.000Z
08992824820258100001,332,CONCEDIDA,2025-11-12T10:38:36.000Z
09016243220258100001,332,CONCEDIDA,2025-11-26T17:26:59.000Z
09013567520258100001,332,CONCEDIDA,2025-11-27T22:48:52.000Z
09018763520258100001,785,NÃO CONCEDIDA,2026-01-19T15:05:31.000Z
09076219320258100001,332,CONCEDIDA,2025-12-18T12:17:07.000Z
09041341820258100001,332,CONCEDIDA,2025-11-24T15:36:46.000Z
09029546420258100001,785,NÃO CONCEDIDA,2025-12-18T15:55:08.000Z
08110797620268100001,339,CONCEDIDA,2026-02-19T11:29:23.000Z
08127321620268100001,339,CONCEDIDA,2026-02-25T22:16:10.000Z
08139732520268100001,792,NÃO CONCEDIDA,2026-03-12T10:13:09.000Z
08146271220268100001,339,CONCEDIDA,2026-04-20T15:50:32.000Z
08158639620268100001,792,NÃO CONCEDIDA,2026-03-12T11:56:02.000Z
08167118320268100001,792,NÃO CONCEDIDA,2026-06-08T17:46:14.000Z
08166372920268100001,892,CONCEDIDA EM PARTE,2026-03-25T12:37:32.000Z
08180914420268100001,892,CONCEDIDA EM PARTE,2026-04-05T22:34:37.000Z
08183478420268100001,339,CONCEDIDA,2026-05-26T16:20:56.000Z
08207728420268100001,339,CONCEDIDA,2026-03-20T18:56:12.000Z
08190008620268100001,339,CONCEDIDA,2026-03-16T22:36:58.000Z
08222359520258100001,792,NÃO CONCEDIDA,2025-07-07T10:17:18.000Z
08219628220268100001,892,CONCEDIDA EM PARTE,2026-07-23T17:59:56.000Z
08282634520268100001,339,CONCEDIDA,2026-04-23T15:35:49.000Z
08242215020268100001,792,NÃO CONCEDIDA,2026-05-29T10:41:24.000Z
08310521720268100001,339,CONCEDIDA,2026-05-29T19:29:15.000Z
08222580720268100001,339,CONCEDIDA,2026-03-31T12:20:01.000Z
08231891020268100001,892,CONCEDIDA EM PARTE,2026-05-05T22:07:29.000Z
08250437320258100001,339,CONCEDIDA,2025-03-24T14:20:30.000Z
08240858720258100001,339,CONCEDIDA,2025-03-20T12:12:27.000Z
08264013920268100001,792,NÃO CONCEDIDA,2026-05-05T21:37:13.000Z
08306165820268100001,792,NÃO CONCEDIDA,2026-04-25T18:57:39.000Z
08323097720268100001,339,CONCEDIDA,2026-05-06T09:09:16.000Z
08320568920268100001,339,CONCEDIDA,2026-05-03T14:14:06.000Z
08311899620268100001,792,NÃO CONCEDIDA,2026-06-10T16:33:44.000Z
08337000420258100001,339,CONCEDIDA,2025-05-08T10:58:39.000Z
08318931220268100001,792,NÃO CONCEDIDA,2026-05-03T13:46:20.000Z
08362798520268100001,792,NÃO CONCEDIDA,2026-05-12T12:12:20.000Z
08346787820258100001,892,CONCEDIDA EM PARTE,2025-08-13T11:13:45.000Z
08301116720268100001,792,NÃO CONCEDIDA,2026-06-16T16:46:14.000Z
08295781120268100001,792,NÃO CONCEDIDA,2026-05-27T11:47:58.000Z
08358632020268100001,339,CONCEDIDA,2026-05-15T16:36:41.000Z
08347928020268100001,792,NÃO CONCEDIDA,2026-05-25T15:38:32.000Z
08338785020258100001,339,CONCEDIDA,2025-04-16T22:18:17.000Z
08365408420258100001,339,CONCEDIDA,2025-11-07T13:04:26.000Z
08358380720268100001,339,CONCEDIDA,2026-05-08T20:24:45.000Z
08363230720268100001,339,CONCEDIDA,2026-05-14T11:51:20.000Z
08376257120268100001,892,CONCEDIDA EM PARTE,2026-06-23T14:38:00.000Z
08369963420258100001,339,CONCEDIDA,2025-05-09T10:07:13.000Z
08415645920268100001,339,CONCEDIDA,2026-05-29T13:06:57.000Z
08443290320268100001,892,CONCEDIDA EM PARTE,2026-07-13T22:37:59.000Z
08473793720268100001,792,NÃO CONCEDIDA,2026-06-26T12:32:01.000Z
08459694120268100001,792,NÃO CONCEDIDA,2026-06-14T12:51:14.000Z
08322944520258100001,892,CONCEDIDA EM PARTE,2025-04-15T11:47:03.000Z
08472662020258100001,792,NÃO CONCEDIDA,2025-08-14T17:22:00.000Z
08481934920268100001,792,NÃO CONCEDIDA,2026-06-23T14:43:48.000Z
08509718920268100001,792,NÃO CONCEDIDA,2026-06-26T03:52:54.000Z
08514698820268100001,792,NÃO CONCEDIDA,2026-06-28T23:24:17.000Z
08349599720268100001,339,CONCEDIDA,2026-05-06T22:51:45.000Z
08520110920268100001,339,CONCEDIDA,2026-07-01T03:19:37.000Z
08535527720268100001,792,NÃO CONCEDIDA,2026-07-30T16:00:11.000Z
08410406220268100001,339,CONCEDIDA,2026-06-26T12:30:22.000Z
08445022720268100001,339,CONCEDIDA,2026-06-11T10:17:24.000Z
08608320220268100001,892,CONCEDIDA EM PARTE,2026-07-29T17:15:04.000Z
08575695920268100001,339,CONCEDIDA,2026-07-21T12:58:48.000Z
08502001420268100001,792,NÃO CONCEDIDA,2026-07-01T12:12:58.000Z
08502131320268100001,339,CONCEDIDA,2026-07-06T16:57:36.000Z
08437514020268100001,339,CONCEDIDA,2026-06-03T15:28:52.000Z
08513130320268100001,792,NÃO CONCEDIDA,2026-06-26T20:58:46.000Z
08548111020268100001,792,NÃO CONCEDIDA,2026-07-21T12:47:51.000Z
08578865720268100001,792,NÃO CONCEDIDA,2026-07-18T16:16:04.000Z
08588716020258100001,339,CONCEDIDA,2025-07-15T13:52:46.000Z
08574206320268100001,339,CONCEDIDA,2026-07-20T10:52:48.000Z
08574526820268100001,892,CONCEDIDA EM PARTE,2026-07-23T17:11:08.000Z
08539234120268100001,792,NÃO CONCEDIDA,2026-07-23T17:11:12.000Z
08542118620268100001,792,NÃO CONCEDIDA,2026-07-15T14:54:24.000Z
08633353020258100001,792,NÃO CONCEDIDA,2025-10-07T17:00:20.000Z
08879075020258100001,339,CONCEDIDA,2025-11-19T15:16:48.000Z
08899133020258100001,339,CONCEDIDA,2025-10-02T21:27:47.000Z
08941406320258100001,339,CONCEDIDA,2025-10-28T09:26:56.000Z
08593678920258100001,339,CONCEDIDA,2025-07-08T10:28:27.000Z
09148596620258100001,339,CONCEDIDA,2026-01-08T15:58:24.000Z
08740287320258100001,892,CONCEDIDA EM PARTE,2025-08-27T09:11:13.000Z
08574059420268100001,339,CONCEDIDA,2026-07-17T03:32:10.000Z
08781408520258100001,792,NÃO CONCEDIDA,2025-10-30T16:44:24.000Z
08573626020268100001,339,CONCEDIDA,2026-07-16T20:47:49.000Z
08573678220268100001,339,CONCEDIDA,2026-07-22T10:07:25.000Z
08857934120258100001,339,CONCEDIDA,2025-10-02T16:05:20.000Z
09107025020258100001,339,CONCEDIDA,2025-12-12T15:37:00.000Z
09135025120258100001,339,CONCEDIDA,2025-12-18T12:06:28.000Z
08902138920258100001,792,NÃO CONCEDIDA,2026-07-16T21:53:44.000Z
08603029520268100001,792,NÃO CONCEDIDA,2026-07-27T12:19:24.000Z
09017481520258100001,339,CONCEDIDA,2025-12-01T18:18:08.000Z
09018287620258100001,792,NÃO CONCEDIDA,2026-03-18T11:31:41.000Z
08659387620258100001,339,CONCEDIDA,2025-08-05T11:17:51.000Z
09097601820258100001,892,CONCEDIDA EM PARTE,2025-12-12T14:12:40.000Z
08784136420258100001,792,NÃO CONCEDIDA,2025-09-18T08:49:12.000Z
08912289320258100001,339,CONCEDIDA,2025-10-21T10:56:20.000Z
08694359820258100001,792,NÃO CONCEDIDA,2025-08-07T14:25:56.000Z
08733497320258100001,792,NÃO CONCEDIDA,2025-08-26T10:18:36.000Z
08797802620258100001,792,NÃO CONCEDIDA,2025-09-24T18:01:01.000Z
09060473520258100001,792,NÃO CONCEDIDA,2025-12-19T11:57:33.000Z
09060871720258100001,792,NÃO CONCEDIDA,2026-01-27T11:10:54.000Z
08792822720258100001,339,CONCEDIDA,2025-08-31T10:55:30.000Z
08810049620258100001,892,CONCEDIDA EM PARTE,2025-11-04T12:14:16.000Z
08877706820258100001,339,CONCEDIDA,2025-09-30T09:28:58.000Z
08898596420258100001,339,CONCEDIDA,2026-02-11T17:51:35.000Z
08959126120258100001,792,NÃO CONCEDIDA,2025-12-16T17:00:38.000Z
09099983720258100001,339,CONCEDIDA,2025-12-11T11:54:04.000Z
08993604220258100001,792,NÃO CONCEDIDA,2025-11-12T10:39:48.000Z
09111805820258100001,339,CONCEDIDA,2025-12-18T11:08:36.000Z
08868491220258100001,339,CONCEDIDA,2025-12-15T11:05:22.000Z
08890922620258100001,339,CONCEDIDA,2025-10-10T12:35:42.000Z
09055727920258100001,339,CONCEDIDA,2026-01-26T23:00:02.000Z
09136341120258100001,892,CONCEDIDA EM PARTE,2025-12-18T11:51:11.000Z
09138402520258100001,792,NÃO CONCEDIDA,2025-12-18T16:33:39.000Z
08023661520268100001,339,CONCEDIDA,2026-01-27T08:57:56.000Z
08031023320268100001,792,NÃO CONCEDIDA,2026-02-03T12:03:00.000Z
08042334320268100001,339,CONCEDIDA,2026-01-28T14:52:25.000Z
08048388620268100001,892,CONCEDIDA EM PARTE,2026-03-25T13:50:08.000Z
08068186820268100001,792,NÃO CONCEDIDA,2026-02-11T23:23:13.000Z
08005101320268100002,339,CONCEDIDA,2026-06-17T15:00:20.000Z
08344397420258100001,792,NÃO CONCEDIDA,2025-07-09T19:47:51.000Z
08094584420268100001,339,CONCEDIDA,2026-03-01T22:45:01.000Z
08200825520268100001,892,CONCEDIDA EM PARTE,2026-03-19T14:46:45.000Z
08214469620258100001,339,CONCEDIDA,2025-03-14T11:46:59.000Z
08372630620258100001,792,NÃO CONCEDIDA,2025-09-25T20:58:48.000Z
08371683920268100001,339,CONCEDIDA,2026-05-23T21:09:50.000Z
08371719120268100001,892,CONCEDIDA EM PARTE,2026-05-22T17:04:52.000Z
08440987320268100001,339,CONCEDIDA,2026-06-08T16:48:44.000Z
08230809320268100001,339,CONCEDIDA,2026-04-16T22:31:27.000Z
08233225220268100001,792,NÃO CONCEDIDA,2026-05-19T13:38:00.000Z
08236432420258100001,339,CONCEDIDA,2025-03-19T00:45:58.000Z
08285556420258100001,339,CONCEDIDA,2025-04-04T15:52:48.000Z
08323521420268100001,339,CONCEDIDA,2026-04-28T03:54:30.000Z
08341354120268100001,339,CONCEDIDA,2026-05-05T01:19:30.000Z
08341605420268100001,792,NÃO CONCEDIDA,2026-05-23T22:22:44.000Z
08382016420268100001,339,CONCEDIDA,2026-05-28T11:19:18.000Z
08386346820268100001,339,CONCEDIDA,2026-05-19T00:29:00.000Z
08392192320268100001,339,CONCEDIDA,2026-05-24T21:26:20.000Z
08476317420258100001,339,CONCEDIDA,2025-06-02T16:14:29.000Z
08495714020268100001,792,NÃO CONCEDIDA,2026-06-23T23:46:14.000Z
08328614220268100001,792,NÃO CONCEDIDA,2026-05-17T17:39:45.000Z
08327713420268100001,792,NÃO CONCEDIDA,2026-05-23T22:32:51.000Z
08367336520268100001,339,CONCEDIDA,2026-05-12T20:48:58.000Z
08399813920268100001,792,NÃO CONCEDIDA,2026-05-23T21:02:01.000Z
08452921120268100001,339,CONCEDIDA,2026-07-01T12:34:25.000Z
08524675620268100001,892,CONCEDIDA EM PARTE,2026-07-17T09:35:25.000Z
08527273620268100001,339,CONCEDIDA,2026-07-06T06:27:23.000Z
08528559020258100001,792,NÃO CONCEDIDA,2025-08-19T16:30:00.000Z
08547768420258100001,339,CONCEDIDA,2025-06-18T11:26:39.000Z
08638896220258100001,892,CONCEDIDA EM PARTE,2025-08-04T11:43:14.000Z
08882314020258100001,792,NÃO CONCEDIDA,2025-09-28T05:10:47.000Z
08911301120258100001,339,CONCEDIDA,2025-10-09T12:46:50.000Z
08861424420258100001,339,CONCEDIDA,2025-09-23T22:45:45.000Z
08907326420258100001,892,CONCEDIDA EM PARTE,2025-10-07T11:33:18.000Z
08399501920268100001,792,NÃO CONCEDIDA,2026-05-21T19:41:31.000Z
08416580720268100001,892,CONCEDIDA EM PARTE,2026-06-02T15:04:16.000Z
08502200520268100001,792,NÃO CONCEDIDA,2026-07-06T17:04:55.000Z
08507718220268100001,792,NÃO CONCEDIDA,2026-07-01T11:50:32.000Z
08513961920268100001,792,NÃO CONCEDIDA,2026-06-28T02:54:04.000Z
08533258720268100001,339,CONCEDIDA,2026-07-04T23:47:12.000Z
08567055520258100001,339,CONCEDIDA,2025-07-15T17:35:19.000Z
08629049320258100001,792,NÃO CONCEDIDA,2025-07-16T12:34:53.000Z
08684624620258100001,339,CONCEDIDA,2025-07-27T13:08:12.000Z
08740572620258100001,792,NÃO CONCEDIDA,2025-09-11T09:19:45.000Z
08760370820258100001,339,CONCEDIDA,2025-08-26T16:10:00.000Z
08831129820258100001,339,CONCEDIDA,2025-09-11T22:15:54.000Z
08804575620258100001,792,NÃO CONCEDIDA,2025-09-09T10:01:39.000Z
08886921220258100001,339,CONCEDIDA,2025-09-30T00:17:23.000Z
09148024820258100001,792,NÃO CONCEDIDA,2026-04-08T21:34:05.000Z
09061200720258100001,339,CONCEDIDA,2025-12-09T23:25:32.000Z
09083329820258100001,792,NÃO CONCEDIDA,2025-12-02T16:33:52.000Z
09099472620258100001,792,NÃO CONCEDIDA,2026-04-29T16:26:39.000Z
08493116020268100001,892,CONCEDIDA EM PARTE,2026-07-10T09:28:30.000Z
08461975020258100001,339,CONCEDIDA,2025-05-23T19:57:04.000Z
08636289720258100001,792,NÃO CONCEDIDA,2025-08-04T11:58:23.000Z
08773301320258100001,792,NÃO CONCEDIDA,2025-08-27T22:25:00.000Z
08836637820258100001,339,CONCEDIDA,2025-09-15T08:01:47.000Z
09005962920258100001,339,CONCEDIDA,2025-11-06T01:36:16.000Z
08821836520258100001,792,NÃO CONCEDIDA,2025-10-01T11:31:21.000Z
08823091820258100001,339,CONCEDIDA,2025-09-09T21:11:22.000Z
09020573620258100001,339,CONCEDIDA,2025-11-11T12:29:47.000Z
08946082720258100001,339,CONCEDIDA,2025-11-28T13:13:50.000Z
09029079020258100001,792,NÃO CONCEDIDA,2025-12-11T18:29:38.000Z
09105284120258100001,339,CONCEDIDA,2025-12-15T21:54:35.000Z
09154641220258100001,339,CONCEDIDA,2025-12-30T08:43:26.000Z
08055610820268100001,339,CONCEDIDA,2026-01-27T16:05:49.000Z
08082182020268100001,339,CONCEDIDA,2026-03-02T09:26:20.000Z
08083325620268100001,339,CONCEDIDA,2026-02-05T16:06:25.000Z
08119207120268100001,339,CONCEDIDA,2026-03-04T11:31:32.000Z
08097027020268100001,792,NÃO CONCEDIDA,2026-02-24T19:22:11.000Z
08006496520268100001,339,CONCEDIDA,2026-02-19T14:59:45.000Z
08012593320268100001,339,CONCEDIDA,2026-01-12T15:49:31.000Z
08505798620258100001,339,CONCEDIDA,2025-07-14T20:39:05.000Z
08525180420258100001,339,CONCEDIDA,2025-08-13T16:05:44.000Z
08558499120258100001,339,CONCEDIDA,2025-09-03T14:16:33.000Z
08597670620258100001,339,CONCEDIDA,2025-07-08T10:28:26.000Z
08585996620258100001,339,CONCEDIDA,2025-07-15T17:35:18.000Z
08593331720258100001,339,CONCEDIDA,2025-07-24T15:07:42.000Z
08602053220258100001,792,NÃO CONCEDIDA,2025-07-09T21:01:33.000Z
08631352320258100001,792,NÃO CONCEDIDA,2025-08-01T11:24:39.000Z
08662029320258100001,792,NÃO CONCEDIDA,2025-08-29T16:32:19.000Z
08695883420258100001,339,CONCEDIDA,2025-07-30T21:51:18.000Z
08709498620258100001,892,CONCEDIDA EM PARTE,2025-08-13T11:31:44.000Z
08704085320258100001,339,CONCEDIDA,2025-08-14T16:42:05.000Z
08724991920258100001,792,NÃO CONCEDIDA,2025-09-16T17:00:59.000Z
08737801020258100001,792,NÃO CONCEDIDA,2025-08-14T15:01:27.000Z
08815782220258100001,792,NÃO CONCEDIDA,2025-09-06T16:03:58.000Z
08777329420258100001,792,NÃO CONCEDIDA,2025-11-24T16:35:41.000Z
08833398820258100001,339,CONCEDIDA,2025-10-16T15:30:44.000Z
08843704620258100001,792,NÃO CONCEDIDA,2025-09-18T08:43:58.000Z
08908070620258100001,792,NÃO CONCEDIDA,2025-10-08T14:59:12.000Z
08872839820258100001,339,CONCEDIDA,2025-10-02T21:22:43.000Z
08839088920258100001,792,NÃO CONCEDIDA,2025-09-26T17:46:41.000Z
08841712420258100001,792,NÃO CONCEDIDA,2025-09-30T15:39:17.000Z
08849637520258100001,792,NÃO CONCEDIDA,2025-09-29T15:29:08.000Z
08847299320258100001,792,NÃO CONCEDIDA,2025-10-23T22:20:19.000Z
08909526220258100001,339,CONCEDIDA,2025-11-04T17:13:39.000Z
08877585420258100001,792,NÃO CONCEDIDA,2025-10-30T16:59:36.000Z
08937170620258100001,792,NÃO CONCEDIDA,2025-10-21T12:18:49.000Z
08950023420258100001,339,CONCEDIDA,2025-10-17T21:46:00.000Z
08950811320258100001,792,NÃO CONCEDIDA,2025-10-28T12:04:33.000Z
08978283320258100001,339,CONCEDIDA,2025-10-28T16:15:14.000Z
08985783520258100001,792,NÃO CONCEDIDA,2026-01-08T09:12:49.000Z
09057104620258100001,792,NÃO CONCEDIDA,2025-11-24T15:38:43.000Z
09058395120258100001,339,CONCEDIDA,2025-12-11T11:16:05.000Z
09148094020258100001,792,NÃO CONCEDIDA,2026-02-23T16:51:15.000Z
09088222320258100001,792,NÃO CONCEDIDA,2025-12-19T09:43:56.000Z
09156000920258100001,339,CONCEDIDA,2025-12-31T12:20:52.000Z
09090318920258100001,892,CONCEDIDA EM PARTE,2025-12-18T12:18:19.000Z
08997406520258100001,792,NÃO CONCEDIDA,2025-11-04T00:45:26.000Z
09024488820258100001,792,NÃO CONCEDIDA,2026-03-11T22:33:48.000Z
09109017220258100001,339,CONCEDIDA,2026-01-13T17:08:20.000Z
09071082820258100001,792,NÃO CONCEDIDA,2025-11-28T12:59:17.000Z
09041394020258100001,339,CONCEDIDA,2025-11-17T22:06:42.000Z
09052488920258100001,339,CONCEDIDA,2025-11-19T21:53:47.000Z
08010791720268100001,339,CONCEDIDA,2026-01-09T15:01:26.000Z
08033595820268100001,339,CONCEDIDA,2026-01-27T09:49:16.000Z
08037033920268100001,792,NÃO CONCEDIDA,2026-03-04T17:08:45.000Z
08050033620268100001,792,NÃO CONCEDIDA,2026-02-02T15:10:35.000Z
08066506620268100001,792,NÃO CONCEDIDA,2026-03-19T15:03:46.000Z
08066307520268100001,792,NÃO CONCEDIDA,2026-03-09T16:05:34.000Z
08076778420268100001,792,NÃO CONCEDIDA,2026-02-04T11:36:30.000Z
08090340220268100001,339,CONCEDIDA,2026-02-08T11:11:40.000Z
08129929320268100001,792,NÃO CONCEDIDA,2026-02-26T11:21:36.000Z
08135835520268100001,792,NÃO CONCEDIDA,2026-03-09T09:45:59.000Z
08153616020268100001,792,NÃO CONCEDIDA,2026-03-06T14:56:27.000Z
08165016620258100001,792,NÃO CONCEDIDA,2025-02-27T15:44:00.000Z
08219544220258100001,792,NÃO CONCEDIDA,2025-03-19T18:51:26.000Z
08250592720258100001,339,CONCEDIDA,2025-03-24T11:14:57.000Z
08257691320268100001,792,NÃO CONCEDIDA,2026-04-10T09:26:13.000Z
08256066720258100001,339,CONCEDIDA,2025-03-25T00:24:28.000Z
08283641920258100001,792,NÃO CONCEDIDA,2025-07-15T18:32:33.000Z
08278018820268100001,792,NÃO CONCEDIDA,2026-05-03T14:16:59.000Z
08276964820258100001,339,CONCEDIDA,2025-04-30T12:09:35.000Z
08297144220258100001,339,CONCEDIDA,2025-07-16T12:34:53.000Z
08304973420258100001,792,NÃO CONCEDIDA,2025-06-23T11:43:07.000Z
08312100920258100001,792,NÃO CONCEDIDA,2025-06-05T20:07:27.000Z
08335355420258100001,792,NÃO CONCEDIDA,2025-04-16T01:20:23.000Z
08335459820258100001,792,NÃO CONCEDIDA,2025-04-16T04:41:52.000Z
08330080520258100001,792,NÃO CONCEDIDA,2025-04-15T07:04:39.000Z
08351625920268100001,339,CONCEDIDA,2026-05-11T13:29:58.000Z
08338049320258100001,792,NÃO CONCEDIDA,2025-07-04T10:17:58.000Z
08335952720258100001,339,CONCEDIDA,2025-04-16T13:17:28.000Z
08355803120258100001,792,NÃO CONCEDIDA,2025-06-30T18:45:39.000Z
08307537420258100001,339,CONCEDIDA,2025-04-08T16:10:34.000Z
08357820820258100001,339,CONCEDIDA,2025-07-14T10:56:47.000Z
08373502520268100001,892,CONCEDIDA EM PARTE,2026-05-17T17:32:16.000Z
08378104620258100001,792,NÃO CONCEDIDA,2025-05-23T09:51:41.000Z
08406148420258100001,339,CONCEDIDA,2025-05-20T17:47:58.000Z
08445476520258100001,339,CONCEDIDA,2025-07-04T09:52:39.000Z
08430761420258100001,792,NÃO CONCEDIDA,2025-09-24T12:24:08.000Z
08435585920258100001,339,CONCEDIDA,2025-05-17T01:17:41.000Z
08464027920258100001,792,NÃO CONCEDIDA,2025-08-20T15:16:33.000Z
08942627620258100001,339,CONCEDIDA,2025-10-28T10:59:22.000Z
09152459620258100001,339,CONCEDIDA,2025-12-27T01:07:46.000Z
09050920420258100001,792,NÃO CONCEDIDA,2026-01-28T14:55:22.000Z
09154139820258100001,339,CONCEDIDA,2025-12-29T16:13:52.000Z
08947104920258100001,339,CONCEDIDA,2025-10-30T15:45:16.000Z
08753486120258100001,339,CONCEDIDA,2025-12-18T16:25:57.000Z
09010778920258100001,792,NÃO CONCEDIDA,2025-11-06T20:40:05.000Z
08759877920258100001,339,CONCEDIDA,2025-08-21T17:26:35.000Z
08854037120258100001,792,NÃO CONCEDIDA,2025-09-30T00:00:19.000Z
08838473420258100001,792,NÃO CONCEDIDA,2026-02-02T16:51:42.000Z
08877715320258100001,339,CONCEDIDA,2025-09-29T22:53:44.000Z
08851611520258100001,339,CONCEDIDA,2025-09-19T09:22:34.000Z
08924725720258100001,339,CONCEDIDA,2025-10-13T09:47:02.000Z
09058923220258100001,792,NÃO CONCEDIDA,2026-02-11T14:05:58.000Z
09152380720258100001,339,CONCEDIDA,2025-12-26T23:34:07.000Z
09141027220258100001,339,CONCEDIDA,2025-12-18T20:59:49.000Z
09066813120258100001,792,NÃO CONCEDIDA,2026-01-26T13:42:52.000Z
09122025420258100001,339,CONCEDIDA,2026-01-12T14:28:26.000Z
09123073120258100001,339,CONCEDIDA,2025-12-18T16:32:31.000Z
09143235520258100001,792,NÃO CONCEDIDA,2026-03-31T15:11:55.000Z
09144984920258100001,339,CONCEDIDA,2026-03-24T17:31:12.000Z
09024704920258100001,339,CONCEDIDA,2025-11-11T23:35:56.000Z
09018608120258100001,892,CONCEDIDA EM PARTE,2025-12-09T15:06:45.000Z
08998376520258100001,339,CONCEDIDA,2025-11-05T17:00:10.000Z
09096329520258100001,792,NÃO CONCEDIDA,2025-12-15T11:18:49.000Z
09096537120258100001,792,NÃO CONCEDIDA,2026-01-12T15:44:57.000Z
09099204320258100001,892,CONCEDIDA EM PARTE,2025-12-12T21:07:27.000Z
08806203620258100001,339,CONCEDIDA,2026-01-26T21:41:57.000Z
08595384620258100001,792,NÃO CONCEDIDA,2025-08-18T12:06:35.000Z
08766502820258100001,339,CONCEDIDA,2025-09-11T11:26:17.000Z
08949746620258100001,339,CONCEDIDA,2025-10-17T19:33:52.000Z
08702084620258100001,339,CONCEDIDA,2025-08-28T17:23:58.000Z
09015905720258100001,339,CONCEDIDA,2025-11-08T15:39:10.000Z
09125385820258100001,339,CONCEDIDA,2026-01-15T11:07:29.000Z
09070416320258100001,792,NÃO CONCEDIDA,2026-02-12T09:19:59.000Z
08493903920268100001,339,CONCEDIDA,2026-06-23T14:47:59.000Z
08476351420258100001,339,CONCEDIDA,2025-06-16T10:09:55.000Z
08431685520268100001,339,CONCEDIDA,2026-06-10T10:24:19.000Z
08480249620258100001,339,CONCEDIDA,2025-06-11T10:13:07.000Z
08493029820268100001,339,CONCEDIDA,2026-06-22T22:42:54.000Z
08502998120268100001,339,CONCEDIDA,2026-06-25T16:21:11.000Z
08512446820268100001,339,CONCEDIDA,2026-07-13T22:30:05.000Z
08509423920268100001,792,NÃO CONCEDIDA,2026-07-22T10:08:47.000Z
08549826420268100001,339,CONCEDIDA,2026-07-21T23:19:30.000Z
08558065720258100001,339,CONCEDIDA,2025-06-27T15:33:04.000Z
08558117920258100001,339,CONCEDIDA,2025-06-21T02:43:58.000Z
08588894720268100001,892,CONCEDIDA EM PARTE,2026-07-22T11:23:00.000Z
08578493020268100001,339,CONCEDIDA,2026-07-18T01:40:43.000Z
08483424520268100001,792,NÃO CONCEDIDA,2026-06-26T12:33:55.000Z
08554280420258100001,339,CONCEDIDA,2026-02-19T21:49:59.000Z
08470416320268100001,792,NÃO CONCEDIDA,2026-06-25T16:56:43.000Z
08480921220268100001,792,NÃO CONCEDIDA,2026-06-26T12:34:24.000Z
08500523720258100001,792,NÃO CONCEDIDA,2025-07-09T17:42:33.000Z
08360580520268100001,339,CONCEDIDA,2026-05-14T12:32:13.000Z
08518448920268100001,339,CONCEDIDA,2026-07-08T12:17:28.000Z
08327673120258100001,339,CONCEDIDA,2025-09-29T23:37:05.000Z
08489322220268100001,792,NÃO CONCEDIDA,2026-06-19T16:48:58.000Z
08447121520258100001,339,CONCEDIDA,2025-07-08T17:36:13.000Z
08494492720268100001,339,CONCEDIDA,2026-07-14T18:45:30.000Z
08032028520268100001,339,CONCEDIDA,2026-01-28T19:08:34.000Z
08042265120268100001,339,CONCEDIDA,2026-01-21T19:55:56.000Z
08054797420268100001,339,CONCEDIDA,2026-02-19T13:09:46.000Z
08050475520268100001,339,CONCEDIDA,2026-01-29T15:19:19.000Z
08047106620268100001,892,CONCEDIDA EM PARTE,2026-03-05T13:58:45.000Z
08113205020268100001,339,CONCEDIDA,2026-02-19T16:37:55.000Z
08149666820268100001,892,CONCEDIDA EM PARTE,2026-06-08T19:12:03.000Z
08167871020268100001,339,CONCEDIDA,2026-03-11T14:33:52.000Z
08171275120268100001,339,CONCEDIDA,2026-03-24T09:26:34.000Z
08171388020268100001,339,CONCEDIDA,2026-03-24T17:08:19.000Z
08190440820268100001,339,CONCEDIDA,2026-03-15T15:53:18.000Z
08131496620268100001,792,NÃO CONCEDIDA,2026-03-19T16:44:29.000Z
08202656020258100001,892,CONCEDIDA EM PARTE,2025-04-15T13:08:08.000Z
08193247620268100001,892,CONCEDIDA EM PARTE,2026-06-08T19:17:37.000Z
08211610620258100001,792,NÃO CONCEDIDA,2025-04-01T13:15:34.000Z
08194217620268100001,339,CONCEDIDA,2026-04-14T22:20:19.000Z
08226366020268100001,339,CONCEDIDA,2026-04-23T16:00:39.000Z
08242015920268100001,339,CONCEDIDA,2026-03-31T12:25:10.000Z
08246805220268100001,339,CONCEDIDA,2026-04-16T16:16:28.000Z
08249377720268100001,792,NÃO CONCEDIDA,2026-04-10T09:20:29.000Z
08272605520268100001,339,CONCEDIDA,2026-04-13T11:46:18.000Z
08287293920268100001,339,CONCEDIDA,2026-05-06T13:27:27.000Z
08317883520268100001,792,NÃO CONCEDIDA,2026-05-06T20:17:56.000Z
08323140220268100001,792,NÃO CONCEDIDA,2026-05-29T10:51:52.000Z
08323409720268100001,792,NÃO CONCEDIDA,2026-07-16T21:43:48.000Z
08334581120268100001,339,CONCEDIDA,2026-07-22T16:53:03.000Z
08334737720268100001,892,CONCEDIDA EM PARTE,2026-05-12T12:11:25.000Z
08268396520268100001,339,CONCEDIDA,2026-05-03T11:50:00.000Z
08325140920268100001,792,NÃO CONCEDIDA,2026-06-03T15:35:07.000Z
08384034120268100001,339,CONCEDIDA,2026-06-11T10:28:33.000Z
08389499620268100001,792,NÃO CONCEDIDA,2026-07-30T10:57:24.000Z
08336816120268100001,339,CONCEDIDA,2026-05-11T20:21:06.000Z
08444130420268100001,339,CONCEDIDA,2026-06-11T17:57:08.000Z
08461452020268100001,339,CONCEDIDA,2026-06-11T09:56:24.000Z
08461799220268100001,792,NÃO CONCEDIDA,2026-07-13T11:59:08.000Z
08357757920268100001,792,NÃO CONCEDIDA,2026-05-27T11:31:50.000Z
08467110320258100001,339,CONCEDIDA,2025-07-11T18:11:24.000Z
08391119120268100001,792,NÃO CONCEDIDA,2026-05-27T11:40:02.000Z
08418901920268100001,792,NÃO CONCEDIDA,2026-06-16T12:43:39.000Z
08415905720268100001,339,CONCEDIDA,2026-05-28T11:00:33.000Z
08387922620268100001,792,NÃO CONCEDIDA,2026-05-28T11:15:21.000Z
08413714420268100001,339,CONCEDIDA,2026-06-02T12:29:40.000Z
08444710720268100001,792,NÃO CONCEDIDA,2026-06-22T08:54:34.000Z
08445692620258100001,792,NÃO CONCEDIDA,2025-07-04T00:38:16.000Z
08457209020268100001,339,CONCEDIDA,2026-06-11T10:25:20.000Z
08501441520258100001,339,CONCEDIDA,2025-08-25T22:39:32.000Z
08001248320268100001,892,CONCEDIDA EM PARTE,2026-01-16T10:37:01.000Z
08008549420268100001,792,NÃO CONCEDIDA,2026-01-09T10:35:45.000Z
08025489820268100001,339,CONCEDIDA,2026-01-16T13:04:51.000Z
08163506620268100001,339,CONCEDIDA,2026-03-14T11:18:39.000Z
08172530420268100001,339,CONCEDIDA,2026-03-10T03:22:19.000Z
08189023820258100001,792,NÃO CONCEDIDA,2025-03-10T09:52:24.000Z
08173093720268100001,792,NÃO CONCEDIDA,2026-03-19T17:25:31.000Z
08337205820268100001,792,NÃO CONCEDIDA,2026-05-14T12:37:29.000Z
08327046920268100001,339,CONCEDIDA,2026-04-28T22:50:44.000Z
08390746420268100001,792,NÃO CONCEDIDA,2026-05-19T20:11:25.000Z
08398648220258100001,339,CONCEDIDA,2025-06-10T19:28:58.000Z
08436694320258100001,792,NÃO CONCEDIDA,2025-05-18T12:41:14.000Z
08203779220268100001,892,CONCEDIDA EM PARTE,2026-03-20T15:39:05.000Z
08277689820268100001,339,CONCEDIDA,2026-04-27T15:55:14.000Z
08317895420258100001,792,NÃO CONCEDIDA,2025-07-07T10:17:15.000Z
08359090920268100001,892,CONCEDIDA EM PARTE,2026-05-10T02:12:34.000Z
08361472820268100001,792,NÃO CONCEDIDA,2026-05-17T22:05:26.000Z
08381851320268100001,339,CONCEDIDA,2026-05-17T12:44:44.000Z
08408260820258100001,792,NÃO CONCEDIDA,2025-06-17T16:38:33.000Z
08402126620268100001,892,CONCEDIDA EM PARTE,2026-05-27T10:54:13.000Z
08402248020268100001,339,CONCEDIDA,2026-05-27T11:30:06.000Z
08479718120268100001,792,NÃO CONCEDIDA,2026-07-01T12:33:41.000Z
08328461020258100001,339,CONCEDIDA,2025-06-07T13:40:23.000Z
08489261520268100001,339,CONCEDIDA,2026-07-10T09:26:38.000Z
08488915520268100001,792,NÃO CONCEDIDA,2026-07-14T18:41:05.000Z
08266508720268100001,792,NÃO CONCEDIDA,2026-05-14T10:16:15.000Z
08298657120268100001,339,CONCEDIDA,2026-04-18T15:28:55.000Z
08288856120258100001,792,NÃO CONCEDIDA,2025-04-07T15:49:05.000Z
08329726020258100001,339,CONCEDIDA,2025-04-14T23:26:18.000Z
08367388720268100001,339,CONCEDIDA,2026-05-14T10:21:23.000Z
08378006520268100001,792,NÃO CONCEDIDA,2026-05-25T15:40:40.000Z
08435542220258100001,339,CONCEDIDA,2025-08-04T14:54:58.000Z
08517296820268100001,792,NÃO CONCEDIDA,2026-07-06T17:06:57.000Z
08534202020268100001,792,NÃO CONCEDIDA,2026-07-06T17:25:14.000Z
08737784020258100001,792,NÃO CONCEDIDA,2025-08-13T19:20:26.000Z
08374386320268100001,792,NÃO CONCEDIDA,2026-05-23T20:19:22.000Z
08475379220268100001,792,NÃO CONCEDIDA,2026-06-15T22:23:50.000Z
08523116820268100001,792,NÃO CONCEDIDA,2026-07-06T17:18:07.000Z
08535111320268100001,792,NÃO CONCEDIDA,2026-07-09T10:34:41.000Z
08567696520258100001,892,CONCEDIDA EM PARTE,2025-08-04T15:39:10.000Z
08481406820268100001,892,CONCEDIDA EM PARTE,2026-06-19T13:17:43.000Z
08484498920268100001,339,CONCEDIDA,2026-06-19T09:23:31.000Z
08524009120268100001,339,CONCEDIDA,2026-07-02T16:48:25.000Z
08800626420258100001,792,NÃO CONCEDIDA,2025-09-25T12:07:17.000Z
08745422620258100001,339,CONCEDIDA,2025-08-16T14:17:14.000Z
08704873220258100001,792,NÃO CONCEDIDA,2025-08-14T17:17:33.000Z
08903117420258100001,792,NÃO CONCEDIDA,2025-11-14T15:46:04.000Z
09148821220258100001,339,CONCEDIDA,2025-12-23T10:55:17.000Z
09082280920258100001,339,CONCEDIDA,2025-12-02T16:59:30.000Z
08577612620258100001,339,CONCEDIDA,2025-07-03T12:42:48.000Z
08582939720258100001,792,NÃO CONCEDIDA,2025-06-27T21:18:44.000Z
09053675020258100001,339,CONCEDIDA,2025-11-27T23:04:35.000Z
08988130220258100001,339,CONCEDIDA,2025-10-30T19:44:26.000Z
09152849320258100001,339,CONCEDIDA,2025-12-27T22:58:29.000Z
08709308020258100001,339,CONCEDIDA,2025-08-25T22:00:47.000Z
08709429420258100001,339,CONCEDIDA,2025-08-04T23:50:55.000Z
08827872620258100001,339,CONCEDIDA,2025-11-19T12:34:53.000Z
08934287320258100001,792,NÃO CONCEDIDA,2026-01-07T17:29:21.000Z
09079977920258100001,792,NÃO CONCEDIDA,2025-12-01T15:32:49.000Z
09044079420258100001,792,NÃO CONCEDIDA,2025-11-19T12:34:57.000Z
08683334120258100001,339,CONCEDIDA,2025-07-25T20:22:06.000Z
08705193720258100001,339,CONCEDIDA,2025-09-02T15:54:51.000Z
08227015520268100001,339,CONCEDIDA,2026-05-18T11:15:45.000Z
08000988520268100001,339,CONCEDIDA,2026-01-02T22:54:43.000Z
08007198220268100001,792,NÃO CONCEDIDA,2026-01-15T17:13:22.000Z
08018222720268100001,339,CONCEDIDA,2026-01-26T22:43:31.000Z
08019297120268100001,339,CONCEDIDA,2026-01-15T12:16:55.000Z
08035483620268100001,339,CONCEDIDA,2026-01-30T16:18:20.000Z
08045539320268100001,792,NÃO CONCEDIDA,2026-02-13T12:05:39.000Z
08047427120268100001,792,NÃO CONCEDIDA,2026-02-09T16:37:56.000Z
08050709820268100001,792,NÃO CONCEDIDA,2026-01-28T09:12:47.000Z
08074205920268100001,892,CONCEDIDA EM PARTE,2026-02-19T21:55:52.000Z
08079280520268100001,792,NÃO CONCEDIDA,2026-02-19T00:29:57.000Z
08078215820268100001,339,CONCEDIDA,2026-02-04T05:10:32.000Z
08085135720268100001,792,NÃO CONCEDIDA,2026-02-10T08:14:52.000Z
08102006920268100001,792,NÃO CONCEDIDA,2026-02-13T10:54:57.000Z
08174907220258100001,339,CONCEDIDA,2025-02-27T12:39:44.000Z
08163280820268100001,339,CONCEDIDA,2026-03-06T13:46:21.000Z
08201200420258100001,339,CONCEDIDA,2025-06-09T23:42:38.000Z
08205159320258100001,339,CONCEDIDA,2025-07-30T21:18:33.000Z
08231045820258100001,792,NÃO CONCEDIDA,2025-08-04T14:53:52.000Z
08238788820258100001,339,CONCEDIDA,2025-03-21T14:41:10.000Z
08255223220268100001,339,CONCEDIDA,2026-04-06T00:29:47.000Z
08255962320258100001,792,NÃO CONCEDIDA,2025-03-24T23:54:22.000Z
08276393020258100001,339,CONCEDIDA,2025-03-29T17:26:17.000Z
08290102920258100001,339,CONCEDIDA,2025-04-04T14:45:14.000Z
08341868620258100001,339,CONCEDIDA,2025-04-22T12:01:51.000Z
08340448220258100001,792,NÃO CONCEDIDA,2025-04-17T18:05:04.000Z
08353829120258100001,792,NÃO CONCEDIDA,2025-07-04T12:03:30.000Z
08386886820258100001,339,CONCEDIDA,2025-05-09T12:27:26.000Z
08394100520258100001,792,NÃO CONCEDIDA,2025-07-14T12:24:04.000Z
08382175220258100001,339,CONCEDIDA,2025-05-09T12:50:05.000Z
08419249120268100001,892,CONCEDIDA EM PARTE,2026-06-02T14:39:16.000Z
08445173020258100001,792,NÃO CONCEDIDA,2025-07-15T17:35:19.000Z
08492945820258100001,339,CONCEDIDA,2025-06-24T11:38:50.000Z
08553371120258100001,792,NÃO CONCEDIDA,2025-07-08T11:12:11.000Z
08558992020258100001,339,CONCEDIDA,2025-07-08T10:54:26.000Z
08561581520258100001,792,NÃO CONCEDIDA,2025-08-07T11:30:19.000Z
08567038520258100001,792,NÃO CONCEDIDA,2025-08-05T09:25:31.000Z
08571377420258100001,792,NÃO CONCEDIDA,2025-07-30T20:30:16.000Z
08540761120258100001,792,NÃO CONCEDIDA,2025-08-07T10:12:31.000Z
08541489520258100001,792,NÃO CONCEDIDA,2025-08-06T12:08:33.000Z
08547889820258100001,339,CONCEDIDA,2025-06-18T11:01:05.000Z
08608757020258100001,339,CONCEDIDA,2025-09-04T20:43:40.000Z
08573542020258100001,339,CONCEDIDA,2025-06-30T16:55:12.000Z
08575230720258100001,792,NÃO CONCEDIDA,2025-07-08T10:28:26.000Z
08590976520258100001,792,NÃO CONCEDIDA,2025-07-24T15:05:20.000Z
08684373320258100001,339,CONCEDIDA,2025-07-30T21:43:29.000Z
08720921320258100001,792,NÃO CONCEDIDA,2025-09-03T11:41:24.000Z
08731427420258100001,792,NÃO CONCEDIDA,2025-08-29T11:50:06.000Z
08744678420258100001,792,NÃO CONCEDIDA,2025-08-26T09:51:32.000Z
08818371720258100001,792,NÃO CONCEDIDA,2025-09-10T17:06:13.000Z
08775406420258100001,792,NÃO CONCEDIDA,2025-09-11T09:16:35.000Z
08763628020258100001,339,CONCEDIDA,2025-08-21T21:01:38.000Z
08879854420258100001,792,NÃO CONCEDIDA,2025-10-02T11:52:28.000Z
08772790220258100001,792,NÃO CONCEDIDA,2025-09-01T17:08:49.000Z
08907404120258100001,792,NÃO CONCEDIDA,2025-10-09T17:15:09.000Z
08902233620258100001,792,NÃO CONCEDIDA,2025-10-07T10:08:27.000Z
08825023320258100001,792,NÃO CONCEDIDA,2025-10-28T11:28:08.000Z
08864629420258100001,892,CONCEDIDA EM PARTE,2025-09-24T11:55:25.000Z
08946281820258100001,792,NÃO CONCEDIDA,2025-11-04T16:07:01.000Z
08970489320258100001,339,CONCEDIDA,2025-10-29T10:42:47.000Z
09048357620258100001,339,CONCEDIDA,2025-11-18T19:59:54.000Z
09005868220258100001,339,CONCEDIDA,2025-11-06T00:21:56.000Z
09136168720258100001,339,CONCEDIDA,2025-12-18T16:02:18.000Z
09040181220258100001,339,CONCEDIDA,2025-12-01T18:24:04.000Z
08972056620258100001,339,CONCEDIDA,2025-10-25T02:41:26.000Z
08974819720258100001,792,NÃO CONCEDIDA,2025-11-25T15:54:34.000Z
09126442020258100001,892,CONCEDIDA EM PARTE,2025-12-18T15:51:23.000Z
09033686220258100001,339,CONCEDIDA,2025-11-25T15:46:49.000Z
09097134420258100001,792,NÃO CONCEDIDA,2026-02-11T14:13:49.000Z
09152814120258100001,792,NÃO CONCEDIDA,2026-01-30T16:09:32.000Z
09082134020258100001,892,CONCEDIDA EM PARTE,2026-01-22T10:46:16.000Z
09052393020258100001,339,CONCEDIDA,2025-12-11T15:41:58.000Z
09057278220258100001,792,NÃO CONCEDIDA,2025-11-26T16:35:09.000Z
08074153720268100001,892,CONCEDIDA EM PARTE,2026-02-02T22:02:39.000Z
08115075820268100001,339,CONCEDIDA,2026-02-19T17:04:27.000Z
08111516320268100001,339,CONCEDIDA,2026-02-14T19:02:50.000Z
08106207420268100001,892,CONCEDIDA EM PARTE,2026-03-03T14:59:08.000Z
08085230420268100001,339,CONCEDIDA,2026-02-06T00:06:18.000Z
08125320920268100001,792,NÃO CONCEDIDA,2026-02-24T16:54:29.000Z
08136701120268100001,792,NÃO CONCEDIDA,2026-03-14T11:06:52.000Z
08149207920268100001,792,NÃO CONCEDIDA,2026-03-12T22:05:27.000Z
08170334020258100001,339,CONCEDIDA,2025-03-06T11:01:28.000Z
08124212520268100001,339,CONCEDIDA,2026-03-25T22:27:02.000Z
08181633120268100001,792,NÃO CONCEDIDA,2026-03-24T16:53:00.000Z
08140624820268100001,792,NÃO CONCEDIDA,2026-03-01T22:42:31.000Z
08162008520268100001,792,NÃO CONCEDIDA,2026-03-14T11:25:53.000Z
08189904220268100001,792,NÃO CONCEDIDA,2026-03-17T14:33:57.000Z
08229345220268100001,792,NÃO CONCEDIDA,2026-05-29T19:43:36.000Z
08252798820268100001,792,NÃO CONCEDIDA,2026-04-29T15:57:04.000Z
08214044720258100001,339,CONCEDIDA,2025-03-13T11:46:32.000Z
08227616220258100001,339,CONCEDIDA,2025-04-01T10:55:55.000Z
08234913920268100001,792,NÃO CONCEDIDA,2026-06-10T16:11:03.000Z
08236380220258100001,339,CONCEDIDA,2025-03-20T08:50:31.000Z
08242292720268100001,792,NÃO CONCEDIDA,2026-07-23T17:59:59.000Z
08281433620258100001,792,NÃO CONCEDIDA,2025-06-18T12:49:11.000Z
08281517620268100001,339,CONCEDIDA,2026-07-23T17:11:11.000Z
08219033120258100001,792,NÃO CONCEDIDA,2025-03-18T10:53:47.000Z
08240880820268100001,339,CONCEDIDA,2026-04-28T14:34:07.000Z
08306970720268100001,339,CONCEDIDA,2026-04-23T21:51:49.000Z
08342379720258100001,339,CONCEDIDA,2025-04-20T03:00:11.000Z
08268717020268100001,792,NÃO CONCEDIDA,2026-05-17T22:08:35.000Z
08353453020268100001,339,CONCEDIDA,2026-05-08T12:36:34.000Z
08353825720268100001,892,CONCEDIDA EM PARTE,2026-05-07T19:21:25.000Z
08345918820268100001,339,CONCEDIDA,2026-05-13T11:18:09.000Z
08362243720268100001,339,CONCEDIDA,2026-05-14T09:28:03.000Z
08281716720268100001,792,NÃO CONCEDIDA,2026-06-19T13:11:09.000Z
08280191920268100001,339,CONCEDIDA,2026-04-16T16:06:26.000Z
08294811120268100001,339,CONCEDIDA,2026-04-27T14:38:10.000Z
08302918320268100001,339,CONCEDIDA,2026-05-11T13:45:07.000Z
08300042320268100001,792,NÃO CONCEDIDA,2026-05-19T18:54:21.000Z
08331013120268100001,339,CONCEDIDA,2026-05-14T16:51:55.000Z
08341691620268100001,339,CONCEDIDA,2026-05-05T22:12:45.000Z
08359767120268100001,339,CONCEDIDA,2026-05-10T21:47:20.000Z
08449300920268100001,339,CONCEDIDA,2026-06-08T19:13:49.000Z
08347835520258100001,339,CONCEDIDA,2025-04-23T16:54:27.000Z
08349780620268100001,792,NÃO CONCEDIDA,2026-05-08T13:03:41.000Z
08371042920268100001,339,CONCEDIDA,2026-05-13T19:11:04.000Z
08381144520258100001,792,NÃO CONCEDIDA,2025-06-17T17:29:59.000Z
08369666220268100001,792,NÃO CONCEDIDA,2026-06-03T15:28:23.000Z
08414701420268100001,339,CONCEDIDA,2026-06-23T14:50:25.000Z
08444832120268100001,792,NÃO CONCEDIDA,2026-07-21T11:44:08.000Z
08468877920258100001,792,NÃO CONCEDIDA,2025-08-19T12:15:58.000Z
08365647820268100001,339,CONCEDIDA,2026-05-19T22:22:07.000Z
08483329820268100001,792,NÃO CONCEDIDA,2026-06-19T09:43:43.000Z
08393595720268100001,792,NÃO CONCEDIDA,2026-05-27T11:38:56.000Z
08555126820268100001,339,CONCEDIDA,2026-07-13T16:51:39.000Z
08554202720258100001,339,CONCEDIDA,2025-07-14T17:41:23.000Z
08423321920258100001,892,CONCEDIDA EM PARTE,2025-05-15T00:40:08.000Z
08549237620268100001,339,CONCEDIDA,2026-07-13T11:51:16.000Z
08456714920268100001,792,NÃO CONCEDIDA,2026-06-14T12:40:49.000Z
08462604120268100001,792,NÃO CONCEDIDA,2026-06-26T12:40:11.000Z
08435655120258100001,339,CONCEDIDA,2025-05-17T10:50:40.000Z
08470468520268100001,339,CONCEDIDA,2026-06-13T00:01:54.000Z
08475396220268100001,339,CONCEDIDA,2026-06-16T12:35:42.000Z
08469090620268100001,339,CONCEDIDA,2026-06-17T10:56:05.000Z
08492232220268100001,792,NÃO CONCEDIDA,2026-07-09T10:43:47.000Z
08513529720268100001,339,CONCEDIDA,2026-06-29T10:31:03.000Z
08547947120268100001,339,CONCEDIDA,2026-07-10T09:22:22.000Z
08545426820268100001,792,NÃO CONCEDIDA,2026-07-21T12:45:00.000Z
08551991020268100001,339,CONCEDIDA,2026-07-14T18:43:54.000Z
08563890820268100001,339,CONCEDIDA,2026-07-15T04:12:10.000Z
08571131220268100001,792,NÃO CONCEDIDA,2026-07-21T13:03:01.000Z
08604085720268100001,339,CONCEDIDA,2026-07-30T17:42:53.000Z
08615494820258100001,339,CONCEDIDA,2025-07-09T13:13:56.000Z
08632695020258100001,892,CONCEDIDA EM PARTE,2025-09-01T11:50:42.000Z
08683828220258100001,339,CONCEDIDA,2025-07-25T22:53:34.000Z
08940262720258100001,339,CONCEDIDA,2025-10-16T13:19:59.000Z
08978785920258100001,339,CONCEDIDA,2025-10-30T16:17:11.000Z
08801189720258100001,792,NÃO CONCEDIDA,2025-09-10T11:49:22.000Z
08821333920258100001,339,CONCEDIDA,2025-09-18T11:36:57.000Z
08821533020258100001,339,CONCEDIDA,2025-10-21T00:01:40.000Z
08949971220258100001,339,CONCEDIDA,2025-10-17T21:12:17.000Z
08962737820258100001,892,CONCEDIDA EM PARTE,2025-12-02T10:46:21.000Z
09150180920258100001,339,CONCEDIDA,2025-12-23T23:20:31.000Z
09151904820258100001,339,CONCEDIDA,2025-12-26T16:39:18.000Z
08806186620258100001,339,CONCEDIDA,2025-09-29T23:34:09.000Z
08850096420258100001,339,CONCEDIDA,2025-09-19T14:15:40.000Z
08912652320258100001,339,CONCEDIDA,2025-10-15T15:34:09.000Z
08964045320258100001,339,CONCEDIDA,2025-10-24T10:04:03.000Z
08965275120258100001,339,CONCEDIDA,2025-10-30T17:41:01.000Z
08733566520258100001,792,NÃO CONCEDIDA,2025-08-12T23:12:47.000Z
09009790720258100001,339,CONCEDIDA,2025-11-07T12:22:20.000Z
09086975520258100001,339,CONCEDIDA,2025-12-03T10:55:41.000Z
08832887720258100001,792,NÃO CONCEDIDA,2025-10-07T11:53:49.000Z
08903238820258100001,339,CONCEDIDA,2025-10-03T22:24:01.000Z
08556377020258100001,339,CONCEDIDA,2025-07-02T10:36:12.000Z
08549020320268100001,339,CONCEDIDA,2026-07-13T10:48:12.000Z
08846233420258100001,792,NÃO CONCEDIDA,2025-09-29T15:21:27.000Z
08895521320258100001,792,NÃO CONCEDIDA,2025-10-02T16:44:12.000Z
08975685320258100001,339,CONCEDIDA,2025-10-29T12:40:20.000Z
09099828320258100001,339,CONCEDIDA,2025-12-07T02:50:20.000Z
09057598720258100001,339,CONCEDIDA,2025-12-15T09:36:59.000Z
09084472220258100001,339,CONCEDIDA,2025-12-11T18:09:46.000Z
09139676020258100001,339,CONCEDIDA,2025-12-19T13:58:18.000Z
09091781820258100001,339,CONCEDIDA,2025-12-05T15:35:26.000Z
08890203920258100001,792,NÃO CONCEDIDA,2025-10-09T17:16:25.000Z
09082697320258100001,892,CONCEDIDA EM PARTE,2025-12-11T18:03:53.000Z
08019504720268100001,339,CONCEDIDA,2026-01-15T09:52:22.000Z
08064912620268100001,792,NÃO CONCEDIDA,2026-02-06T12:30:07.000Z
08155019420268100001,339,CONCEDIDA,2026-06-26T11:56:13.000Z
08176272020268100001,339,CONCEDIDA,2026-03-19T16:31:38.000Z
08176315720268100001,339,CONCEDIDA,2026-03-10T22:20:43.000Z
08249819620268100001,792,NÃO CONCEDIDA,2026-04-25T19:12:35.000Z
08333897620268100001,339,CONCEDIDA,2026-05-05T19:57:00.000Z
08390841120268100001,892,CONCEDIDA EM PARTE,2026-05-19T20:26:58.000Z
08371537020268100001,339,CONCEDIDA,2026-05-13T21:40:07.000Z
08401900820268100001,792,NÃO CONCEDIDA,2026-07-01T12:31:09.000Z
08430836920268100001,339,CONCEDIDA,2026-06-08T19:07:07.000Z
08212318620268100001,792,NÃO CONCEDIDA,2026-04-23T22:34:40.000Z
08227962220258100001,339,CONCEDIDA,2025-03-17T12:52:13.000Z
08231691920268100001,792,NÃO CONCEDIDA,2026-04-08T21:38:26.000Z
08263286720268100001,892,CONCEDIDA EM PARTE,2026-05-03T12:47:42.000Z
08275689120268100001,892,CONCEDIDA EM PARTE,2026-05-25T13:41:55.000Z
08285313620258100001,339,CONCEDIDA,2025-04-03T11:29:36.000Z
08294967720268100001,792,NÃO CONCEDIDA,2026-04-25T18:24:26.000Z
08335589720258100001,892,CONCEDIDA EM PARTE,2025-08-07T17:23:05.000Z
08413393920268100001,339,CONCEDIDA,2026-05-28T10:49:52.000Z
08264525020268100001,892,CONCEDIDA EM PARTE,2026-06-10T16:18:28.000Z
08333109720268100001,792,NÃO CONCEDIDA,2026-06-03T15:34:02.000Z
08339677320258100001,339,CONCEDIDA,2025-04-17T12:13:15.000Z
08372108820268100001,339,CONCEDIDA,2026-05-14T16:18:14.000Z
08379833620268100001,792,NÃO CONCEDIDA,2026-06-02T11:44:04.000Z
08385194720268100001,792,NÃO CONCEDIDA,2026-06-02T11:45:45.000Z
08395648620268100001,339,CONCEDIDA,2026-05-20T21:55:16.000Z
08420349020268100001,339,CONCEDIDA,2026-05-29T10:35:26.000Z
08404984420268100001,892,CONCEDIDA EM PARTE,2026-05-23T22:41:32.000Z
08440176120258100001,339,CONCEDIDA,2025-06-24T22:58:44.000Z
08430152220268100001,792,NÃO CONCEDIDA,2026-06-02T15:55:21.000Z
08430594120268100001,339,CONCEDIDA,2026-06-02T15:53:04.000Z
08571957720258100001,792,NÃO CONCEDIDA,2025-10-07T17:36:31.000Z
08972879720258100001,339,CONCEDIDA,2025-11-19T18:01:10.000Z
09047578220258100001,792,NÃO CONCEDIDA,2025-12-01T15:35:27.000Z
08528806920268100001,792,NÃO CONCEDIDA,2026-07-08T13:15:43.000Z
08537536920268100001,892,CONCEDIDA EM PARTE,2026-07-08T12:49:03.000Z
08560029020268100001,792,NÃO CONCEDIDA,2026-07-14T18:40:44.000Z
08640109020258100001,792,NÃO CONCEDIDA,2025-07-23T15:09:25.000Z
08738953120258100001,339,CONCEDIDA,2025-08-25T16:01:30.000Z
08890117720258100001,792,NÃO CONCEDIDA,2025-10-10T13:07:48.000Z
08779927420258100001,339,CONCEDIDA,2025-09-23T22:49:44.000Z
08920975620258100001,339,CONCEDIDA,2025-10-09T16:53:04.000Z
08962122320258100001,339,CONCEDIDA,2025-10-24T12:30:29.000Z
08961403620258100001,792,NÃO CONCEDIDA,2025-11-26T16:59:26.000Z
09130478620258100001,339,CONCEDIDA,2025-12-19T12:38:37.000Z
08583078120258100001,339,CONCEDIDA,2025-08-13T09:56:42.000Z
08568256920238100001,792,NÃO CONCEDIDA,2023-10-30T11:51:23.000Z
08709471920258100001,792,NÃO CONCEDIDA,2025-09-03T11:32:51.000Z
08816146420258100001,339,CONCEDIDA,2025-09-07T12:46:45.000Z
08835225920258100001,339,CONCEDIDA,2025-10-07T10:51:45.000Z
08980786620258100001,339,CONCEDIDA,2025-10-29T01:24:56.000Z
09039271920258100001,339,CONCEDIDA,2025-12-05T17:48:18.000Z
09081718820258100001,339,CONCEDIDA,2026-03-16T22:14:24.000Z
09151186120258100001,792,NÃO CONCEDIDA,2026-01-20T11:33:49.000Z
09090847020258100001,339,CONCEDIDA,2025-12-10T16:19:41.000Z
08427687520258100001,339,CONCEDIDA,2025-06-09T10:40:43.000Z
08874008920258100001,339,CONCEDIDA,2025-09-25T11:09:27.000Z
08005413620268100001,792,NÃO CONCEDIDA,2026-01-12T14:46:53.000Z
08007336620268100001,339,CONCEDIDA,2026-01-14T09:47:42.000Z
08023523120268100001,792,NÃO CONCEDIDA,2026-01-19T22:38:09.000Z
08045504120268100001,792,NÃO CONCEDIDA,2026-02-20T17:21:00.000Z
08063252820258100001,792,NÃO CONCEDIDA,2025-01-31T08:53:44.000Z
08063934120268100001,792,NÃO CONCEDIDA,2026-02-09T13:58:08.000Z
08066791920268100001,792,NÃO CONCEDIDA,2026-03-11T15:41:18.000Z
08069433620268100001,792,NÃO CONCEDIDA,2026-03-09T09:56:10.000Z
08007940720258100018,889,CONCEDIDA EM PARTE,2025-05-22T19:39:48.000Z
08013234320268100001,339,CONCEDIDA,2026-01-12T17:20:13.000Z
08014481120268100001,339,CONCEDIDA,2026-01-14T10:27:17.000Z
08026641220238100001,792,NÃO CONCEDIDA,2023-01-20T13:41:03.000Z
08027544920258100001,892,CONCEDIDA EM PARTE,2025-01-17T13:35:41.000Z
08030738020268100001,792,NÃO CONCEDIDA,2026-01-22T10:04:54.000Z
08031309820268100001,792,NÃO CONCEDIDA,2026-03-02T17:44:34.000Z
08073608620268100001,792,NÃO CONCEDIDA,2026-02-03T12:14:31.000Z
08079471120268100001,792,NÃO CONCEDIDA,2026-02-06T12:40:10.000Z
08112624720268100001,892,CONCEDIDA EM PARTE,2026-03-09T22:25:55.000Z
08177796820268100001,792,NÃO CONCEDIDA,2026-03-20T15:06:55.000Z
08196218320268100001,792,NÃO CONCEDIDA,2026-04-25T19:08:31.000Z
08190366520258100001,339,CONCEDIDA,2025-03-07T15:52:13.000Z
08205216620268100001,792,NÃO CONCEDIDA,2026-03-24T17:29:09.000Z
08204388420258100001,339,CONCEDIDA,2025-03-11T19:04:35.000Z
08209393820258100001,792,NÃO CONCEDIDA,2025-03-12T11:23:10.000Z
08211409320268100001,792,NÃO CONCEDIDA,2026-03-25T21:53:28.000Z
08214474720268100001,792,NÃO CONCEDIDA,2026-03-24T17:35:31.000Z
08231115020258100001,792,NÃO CONCEDIDA,2025-07-15T19:06:04.000Z
08252061920268100001,792,NÃO CONCEDIDA,2026-05-05T20:02:22.000Z
08255746220258100001,339,CONCEDIDA,2025-04-08T14:58:02.000Z
08284912020268100001,792,NÃO CONCEDIDA,2026-04-24T18:34:14.000Z
08281529520258100001,892,CONCEDIDA EM PARTE,2025-04-24T12:54:10.000Z
08271271320268100001,339,CONCEDIDA,2026-04-29T16:23:46.000Z
08291598820268100001,792,NÃO CONCEDIDA,2026-05-20T17:00:54.000Z
08342422220258100001,339,CONCEDIDA,2025-04-20T07:07:47.000Z
08334004220258100001,792,NÃO CONCEDIDA,2025-06-01T17:49:06.000Z
08329682320258100001,339,CONCEDIDA,2025-04-14T21:51:26.000Z
08314656420258100001,339,CONCEDIDA,2025-04-10T12:28:58.000Z
08391182020258100001,792,NÃO CONCEDIDA,2025-06-09T23:50:27.000Z
08394005820258100001,792,NÃO CONCEDIDA,2025-08-12T09:28:53.000Z
08385039320268100001,339,CONCEDIDA,2026-06-22T22:33:08.000Z
08407395220258100001,339,CONCEDIDA,2025-08-06T09:28:47.000Z
08383656320258100001,339,CONCEDIDA,2025-05-07T15:56:49.000Z
08397955020258100001,792,NÃO CONCEDIDA,2025-07-29T12:41:37.000Z
08400041920258100001,792,NÃO CONCEDIDA,2025-07-09T21:01:34.000Z
08423088820258100001,792,NÃO CONCEDIDA,2025-06-01T17:49:06.000Z
08425825220258100001,339,CONCEDIDA,2025-06-02T16:27:42.000Z
08429566820258100001,339,CONCEDIDA,2025-05-16T02:52:23.000Z
08429194120258100001,339,CONCEDIDA,2025-05-15T19:39:47.000Z
08457133520258100001,339,CONCEDIDA,2025-05-22T21:59:13.000Z
08451288020258100001,892,CONCEDIDA EM PARTE,2025-08-07T10:17:52.000Z
08464573020258100001,792,NÃO CONCEDIDA,2025-07-16T18:18:48.000Z
08499423820258100001,339,CONCEDIDA,2025-08-18T18:16:44.000Z
08531486020258100001,792,NÃO CONCEDIDA,2025-08-01T14:39:42.000Z
08604608720258100001,792,NÃO CONCEDIDA,2025-07-06T18:02:10.000Z
08609700320258100001,792,NÃO CONCEDIDA,2025-07-24T23:46:20.000Z
08573395120258100001,892,CONCEDIDA EM PARTE,2025-08-04T10:37:26.000Z
08619980620258100001,792,NÃO CONCEDIDA,2025-07-10T10:36:16.000Z
08624935020258100001,792,NÃO CONCEDIDA,2025-08-15T15:59:19.000Z
08630001120258100001,339,CONCEDIDA,2025-08-04T10:56:20.000Z
08666428920258100001,892,CONCEDIDA EM PARTE,2025-07-29T11:30:52.000Z
08662530720258100001,339,CONCEDIDA,2025-07-21T23:17:03.000Z
08695927120258100001,339,CONCEDIDA,2025-07-30T22:01:01.000Z
08698481420258100001,339,CONCEDIDA,2025-08-07T15:29:27.000Z
08700490620258100001,339,CONCEDIDA,2025-08-01T17:48:29.000Z
08704301420258100001,339,CONCEDIDA,2025-08-02T06:47:59.000Z
08713274220258100001,339,CONCEDIDA,2025-08-13T17:45:46.000Z
08719440220258100001,792,NÃO CONCEDIDA,2025-08-21T23:39:12.000Z
08731808620258100001,792,NÃO CONCEDIDA,2025-08-25T16:12:55.000Z
08741984520258100001,792,NÃO CONCEDIDA,2025-09-19T11:32:43.000Z
08746470320258100001,339,CONCEDIDA,2025-11-07T18:13:07.000Z
08750108720258100001,792,NÃO CONCEDIDA,2025-08-19T10:43:01.000Z
08829839320258100001,339,CONCEDIDA,2025-09-24T11:58:44.000Z
08763601320258100001,792,NÃO CONCEDIDA,2025-09-12T11:50:30.000Z
08826123220258100001,792,NÃO CONCEDIDA,2025-09-23T17:36:06.000Z
08817852120258100001,339,CONCEDIDA,2025-09-08T14:27:01.000Z
08896899220258100001,339,CONCEDIDA,2025-10-02T11:59:20.000Z
08845211220258100001,339,CONCEDIDA,2025-09-17T11:33:16.000Z
08876095820258100001,339,CONCEDIDA,2025-10-13T15:18:26.000Z
08899176720258100001,892,CONCEDIDA EM PARTE,2025-10-13T10:35:29.000Z
08859138420258100001,339,CONCEDIDA,2025-09-30T12:01:23.000Z
08965907620258100001,339,CONCEDIDA,2025-11-07T17:29:35.000Z
08971086620258100001,339,CONCEDIDA,2025-12-02T19:15:01.000Z
08951270220258100001,339,CONCEDIDA,2025-11-24T16:16:53.000Z
08987723520258100001,339,CONCEDIDA,2025-11-10T19:10:51.000Z
09149921120258100001,892,CONCEDIDA EM PARTE,2025-12-23T20:10:48.000Z
09115200220258100001,792,NÃO CONCEDIDA,2025-12-15T21:10:21.000Z
09051171720258100001,339,CONCEDIDA,2025-11-19T17:59:47.000Z
09077690720258100001,339,CONCEDIDA,2025-12-11T11:09:05.000Z
09109614520258100001,792,NÃO CONCEDIDA,2025-12-18T12:16:08.000Z
09069324920258100001,792,NÃO CONCEDIDA,2025-11-27T22:35:57.000Z
09008301120258100001,339,CONCEDIDA,2025-12-12T21:08:26.000Z
09142586020258100001,792,NÃO CONCEDIDA,2026-01-26T23:01:45.000Z
09015480820258100001,339,CONCEDIDA,2025-11-18T14:52:15.000Z
09141079420258100001,339,CONCEDIDA,2026-01-19T23:14:05.000Z
09140689720258100001,339,CONCEDIDA,2025-12-18T23:43:30.000Z
09152250820258100001,339,CONCEDIDA,2025-12-26T19:22:32.000Z
09073274120258100001,792,NÃO CONCEDIDA,2025-11-28T15:51:50.000Z
09084411520258100001,792,NÃO CONCEDIDA,2025-12-15T11:30:02.000Z
09119842620258100001,892,CONCEDIDA EM PARTE,2025-12-16T14:47:50.000Z
08063908620268100001,339,CONCEDIDA,2026-01-29T19:23:19.000Z
08066471420268100001,792,NÃO CONCEDIDA,2026-03-13T15:07:52.000Z
08070438820268100001,792,NÃO CONCEDIDA,2026-03-04T11:29:07.000Z
08079133620268100001,892,CONCEDIDA EM PARTE,2026-03-09T11:36:45.000Z
08090115620268100001,792,NÃO CONCEDIDA,2026-03-11T13:16:06.000Z
08069762620268100001,339,CONCEDIDA,2026-02-01T12:08:26.000Z
08098420720268100001,339,CONCEDIDA,2026-02-10T19:52:19.000Z
08094688820268100001,339,CONCEDIDA,2026-02-09T23:48:05.000Z
08093995620268100001,339,CONCEDIDA,2026-03-12T11:20:41.000Z
08095485220268100001,339,CONCEDIDA,2026-02-19T01:08:22.000Z
08110286520268100001,339,CONCEDIDA,2026-02-18T16:42:26.000Z
08185256720258100001,339,CONCEDIDA,2025-03-06T12:13:02.000Z
08166737120268100001,792,NÃO CONCEDIDA,2026-06-08T19:09:54.000Z
08218519820268100001,339,CONCEDIDA,2026-04-14T21:46:57.000Z
08222157020268100001,892,CONCEDIDA EM PARTE,2026-03-25T13:00:35.000Z
08223866120258100001,792,NÃO CONCEDIDA,2025-04-02T15:36:53.000Z
08224001120268100001,339,CONCEDIDA,2026-04-08T18:58:15.000Z
08204705520268100001,792,NÃO CONCEDIDA,2026-04-16T22:05:38.000Z
08216588320268100001,892,CONCEDIDA EM PARTE,2026-03-24T17:37:09.000Z
08210083620268100001,792,NÃO CONCEDIDA,2026-05-23T22:17:47.000Z
08231622720268100001,792,NÃO CONCEDIDA,2026-03-27T19:43:50.000Z
08221195520268100001,339,CONCEDIDA,2026-03-31T14:39:32.000Z
08237486420268100001,339,CONCEDIDA,2026-05-23T21:05:10.000Z
08288316120268100001,792,NÃO CONCEDIDA,2026-05-14T10:07:26.000Z
08265928420268100001,339,CONCEDIDA,2026-04-09T03:36:18.000Z
08249691920258100001,339,CONCEDIDA,2025-03-22T08:03:36.000Z
08258470720268100001,339,CONCEDIDA,2026-04-16T21:50:27.000Z
08251992720268100001,892,CONCEDIDA EM PARTE,2026-04-10T17:32:21.000Z
08262438120268100001,339,CONCEDIDA,2026-04-23T15:12:21.000Z
08284825820268100001,792,NÃO CONCEDIDA,2026-06-02T15:36:51.000Z
08293434420268100001,792,NÃO CONCEDIDA,2026-05-04T16:29:08.000Z
08314237820268100001,792,NÃO CONCEDIDA,2026-07-06T06:35:05.000Z
08334835820258100001,339,CONCEDIDA,2025-04-22T12:03:58.000Z
08342526620258100001,339,CONCEDIDA,2025-04-20T15:15:36.000Z
08345900620268100001,339,CONCEDIDA,2026-05-14T09:45:30.000Z
08345217120268100001,339,CONCEDIDA,2026-05-13T14:55:23.000Z
08362312920268100001,339,CONCEDIDA,2026-05-17T22:03:46.000Z
08280304820268100001,339,CONCEDIDA,2026-05-14T12:48:39.000Z
08391179820268100001,892,CONCEDIDA EM PARTE,2026-05-25T15:40:00.000Z
08439558420268100001,892,CONCEDIDA EM PARTE,2026-06-19T13:14:12.000Z
08420227620268100001,339,CONCEDIDA,2026-05-29T09:56:21.000Z
08449007120268100001,339,CONCEDIDA,2026-06-08T16:49:18.000Z
08440155720268100001,339,CONCEDIDA,2026-06-08T17:41:10.000Z
08478323220268100001,792,NÃO CONCEDIDA,2026-06-26T12:34:44.000Z
08441896620268100001,792,NÃO CONCEDIDA,2026-06-11T11:48:23.000Z
08524120820268100001,339,CONCEDIDA,2026-07-06T12:13:11.000Z
08515772020268100001,339,CONCEDIDA,2026-06-29T14:32:44.000Z
08360303720268100001,892,CONCEDIDA EM PARTE,2026-05-14T12:30:58.000Z
08399658520268100001,339,CONCEDIDA,2026-05-25T16:31:31.000Z
08545608920268100001,792,NÃO CONCEDIDA,2026-07-14T18:39:50.000Z
08439956620268100001,339,CONCEDIDA,2026-06-03T15:29:15.000Z
08468208020268100001,339,CONCEDIDA,2026-06-15T16:01:19.000Z
08526251420268100001,892,CONCEDIDA EM PARTE,2026-07-06T12:20:24.000Z
08601062820268100001,792,NÃO CONCEDIDA,2026-07-27T12:19:26.000Z
08441108720268100001,792,NÃO CONCEDIDA,2026-06-12T17:11:33.000Z
08485919320268100001,792,NÃO CONCEDIDA,2026-07-13T09:50:17.000Z
08493003120268100001,339,CONCEDIDA,2026-06-20T16:31:37.000Z
08497082220268100001,339,CONCEDIDA,2026-07-23T17:11:07.000Z
08527066020268100001,339,CONCEDIDA,2026-07-14T18:10:39.000Z
08547565920268100001,339,CONCEDIDA,2026-07-13T11:04:15.000Z
08549921120268100001,339,CONCEDIDA,2026-07-21T12:49:59.000Z
08552185020258100001,339,CONCEDIDA,2025-07-15T15:00:31.000Z
08514031120268100001,792,NÃO CONCEDIDA,2026-07-01T12:05:12.000Z
08553308220268100001,339,CONCEDIDA,2026-07-16T21:57:24.000Z
08519999220268100001,792,NÃO CONCEDIDA,2026-07-20T11:28:05.000Z
08576994920268100001,339,CONCEDIDA,2026-07-20T11:59:26.000Z
08879387020258100001,339,CONCEDIDA,2025-12-02T17:18:54.000Z
08632158420258100001,792,NÃO CONCEDIDA,2025-07-16T12:34:54.000Z
08941527720258100001,892,CONCEDIDA EM PARTE,2025-10-21T00:12:53.000Z
09125974620258100001,792,NÃO CONCEDIDA,2026-01-15T08:54:26.000Z
08612888320258100001,792,NÃO CONCEDIDA,2025-07-10T12:11:57.000Z
08801223720258100001,339,CONCEDIDA,2025-09-04T09:40:08.000Z
08859458920258100001,339,CONCEDIDA,2025-09-25T10:36:35.000Z
09136280420258100001,892,CONCEDIDA EM PARTE,2025-12-18T15:15:38.000Z
09018105520258100001,339,CONCEDIDA,2025-11-24T13:09:41.000Z
08790120320258100001,792,NÃO CONCEDIDA,2025-09-26T11:34:47.000Z
08893729420258100001,339,CONCEDIDA,2025-10-01T18:21:15.000Z
08667181620258100001,792,NÃO CONCEDIDA,2026-02-20T16:28:14.000Z
08784283320258100001,792,NÃO CONCEDIDA,2025-09-12T09:10:56.000Z
08933533420258100001,339,CONCEDIDA,2025-10-20T12:08:57.000Z
08990495120258100001,339,CONCEDIDA,2025-11-11T12:29:44.000Z
08738009820258100001,339,CONCEDIDA,2025-08-13T22:42:29.000Z
08731964020258100001,892,CONCEDIDA EM PARTE,2025-08-25T21:04:13.000Z
08768000920258100001,792,NÃO CONCEDIDA,2025-08-26T10:02:51.000Z
08768771820258100001,339,CONCEDIDA,2025-09-23T17:23:10.000Z
08810127320258100001,339,CONCEDIDA,2025-09-25T16:50:07.000Z
08903471920258100001,339,CONCEDIDA,2025-10-04T09:28:22.000Z
08846788220258100001,792,NÃO CONCEDIDA,2026-01-21T11:06:43.000Z
09000471920258100001,792,NÃO CONCEDIDA,2026-01-14T10:05:31.000Z
09099906020258100001,892,CONCEDIDA EM PARTE,2025-12-07T12:27:55.000Z
09077223320258100001,339,CONCEDIDA,2025-12-05T16:18:52.000Z
08990070220258100001,339,CONCEDIDA,2025-11-05T17:07:06.000Z
09059624920258100001,792,NÃO CONCEDIDA,2025-12-19T09:44:31.000Z
09152398920258100001,792,NÃO CONCEDIDA,2026-01-26T13:10:08.000Z
09153480620258100001,339,CONCEDIDA,2025-12-28T22:36:58.000Z
09111571520258100001,892,CONCEDIDA EM PARTE,2026-02-02T16:06:35.000Z
09118535120258100001,892,CONCEDIDA EM PARTE,2026-01-15T11:12:35.000Z
09070009620258100001,339,CONCEDIDA,2025-11-28T17:03:57.000Z
08800071620258100001,792,NÃO CONCEDIDA,2026-07-24T16:21:28.000Z
09114732820258100001,339,CONCEDIDA,2026-01-19T17:07:44.000Z
09082775020258100001,792,NÃO CONCEDIDA,2025-12-12T14:20:17.000Z
08983618920258100001,792,NÃO CONCEDIDA,2025-10-31T11:39:46.000Z
08984415320258100001,339,CONCEDIDA,2025-10-30T12:12:33.000Z
08035024720268100001,792,NÃO CONCEDIDA,2026-02-05T17:05:23.000Z
08045686220268100001,339,CONCEDIDA,2026-01-22T21:25:59.000Z
08053601620268100001,792,NÃO CONCEDIDA,2026-01-30T12:24:07.000Z
08110182120268100001,339,CONCEDIDA,2026-03-14T11:10:38.000Z
08139083020268100001,339,CONCEDIDA,2026-03-02T17:30:19.000Z
08158110320268100001,792,NÃO CONCEDIDA,2026-06-12T17:00:44.000Z
08185322520268100001,339,CONCEDIDA,2026-03-12T21:37:46.000Z
08249740720268100001,339,CONCEDIDA,2026-04-01T17:26:18.000Z
08280313320268100001,339,CONCEDIDA,2026-05-05T21:54:54.000Z
08300744020268100001,792,NÃO CONCEDIDA,2026-06-02T15:59:56.000Z
08330147520268100001,792,NÃO CONCEDIDA,2026-05-19T22:11:38.000Z
08322006320268100001,792,NÃO CONCEDIDA,2026-05-12T11:46:15.000Z
08387507420268100001,339,CONCEDIDA,2026-05-22T17:10:30.000Z
08398601120268100001,792,NÃO CONCEDIDA,2026-06-18T16:41:39.000Z
08419733520268100001,792,NÃO CONCEDIDA,2026-06-17T11:24:14.000Z
08207814620268100001,339,CONCEDIDA,2026-03-25T22:39:49.000Z
08234784020268100001,792,NÃO CONCEDIDA,2026-05-29T19:26:41.000Z
08292447420268100001,792,NÃO CONCEDIDA,2026-05-29T10:46:44.000Z
08313969520268100001,792,NÃO CONCEDIDA,2026-05-17T22:01:41.000Z
08302537120268100001,339,CONCEDIDA,2026-04-21T17:22:49.000Z
08386658820268100001,339,CONCEDIDA,2026-05-27T11:25:52.000Z
08422712720268100001,792,NÃO CONCEDIDA,2026-06-03T15:33:16.000Z
08434023720268100001,792,NÃO CONCEDIDA,2026-06-26T12:39:48.000Z
08466718420268100001,792,NÃO CONCEDIDA,2026-06-15T13:41:06.000Z
08495697020268100001,339,CONCEDIDA,2026-06-22T22:31:58.000Z
08262411420268100001,792,NÃO CONCEDIDA,2026-05-14T09:48:38.000Z
08276684620268100001,339,CONCEDIDA,2026-05-06T21:26:45.000Z
08303986420258100001,792,NÃO CONCEDIDA,2025-08-29T11:44:36.000Z
08367405720268100001,792,NÃO CONCEDIDA,2026-05-23T21:17:25.000Z
08367292820268100001,339,CONCEDIDA,2026-05-18T16:34:12.000Z
08435756120268100001,892,CONCEDIDA EM PARTE,2026-06-08T18:55:46.000Z
08497819120268100001,792,NÃO CONCEDIDA,2026-07-14T18:47:37.000Z
08497888320268100001,339,CONCEDIDA,2026-06-26T15:51:48.000Z
08533527020268100001,339,CONCEDIDA,2026-07-08T13:17:42.000Z
08756473820258100001,792,NÃO CONCEDIDA,2025-09-05T13:52:43.000Z
08893625020258100001,339,CONCEDIDA,2025-10-01T16:47:54.000Z
08461521220268100001,792,NÃO CONCEDIDA,2026-07-02T10:58:20.000Z
08513356120268100001,339,CONCEDIDA,2026-06-27T02:34:09.000Z
08484411520268100001,339,CONCEDIDA,2026-07-01T17:19:51.000Z
08513685120268100001,339,CONCEDIDA,2026-07-14T18:42:34.000Z
08520622020268100001,792,NÃO CONCEDIDA,2026-07-14T18:39:23.000Z
08670871020258100001,339,CONCEDIDA,2025-08-04T14:34:43.000Z
08733210820258100001,792,NÃO CONCEDIDA,2025-08-12T19:10:08.000Z
08773899820258100001,792,NÃO CONCEDIDA,2025-09-03T09:22:38.000Z
08774107420258100001,339,CONCEDIDA,2025-08-26T04:05:37.000Z
08884756620258100001,792,NÃO CONCEDIDA,2025-10-13T12:00:15.000Z
09000827620258100001,339,CONCEDIDA,2025-11-04T21:58:33.000Z
09016286920258100001,339,CONCEDIDA,2025-11-19T14:38:24.000Z
09102608420258100001,892,CONCEDIDA EM PARTE,2025-12-16T17:29:52.000Z
09144318420258100001,792,NÃO CONCEDIDA,2026-01-26T13:05:16.000Z
09141364720258100001,339,CONCEDIDA,2025-12-19T08:37:05.000Z
08710502620258100001,339,CONCEDIDA,2025-09-01T12:04:53.000Z
08766060920258100001,792,NÃO CONCEDIDA,2025-09-01T11:54:08.000Z
08785219320258100001,792,NÃO CONCEDIDA,2025-11-07T12:36:37.000Z
08969232820258100001,792,NÃO CONCEDIDA,2026-01-28T16:37:58.000Z
09113624420258100001,339,CONCEDIDA,2026-02-11T23:44:02.000Z
09119400720258100001,792,NÃO CONCEDIDA,2026-03-02T17:56:33.000Z
09134185020258100001,792,NÃO CONCEDIDA,2026-02-24T20:47:29.000Z
09071472520258100001,339,CONCEDIDA,2025-12-10T11:27:57.000Z
09072425520258100001,339,CONCEDIDA,2025-11-28T15:01:30.000Z
09043819620258100001,339,CONCEDIDA,2025-11-17T21:50:56.000Z
08720965020258100001,339,CONCEDIDA,2025-08-07T19:53:44.000Z
08287744320268100001,339,CONCEDIDA,2026-04-15T19:37:09.000Z
08335456420268100001,339,CONCEDIDA,2026-05-01T00:15:49.000Z
08512779220258100001,792,NÃO CONCEDIDA,2025-07-16T18:18:49.000Z
08602876320258100001,339,CONCEDIDA,2025-07-17T17:56:05.000Z
08128797620258100001,339,CONCEDIDA,2025-07-14T17:41:23.000Z
08005612420268100002,339,CONCEDIDA,2026-07-13T11:42:18.000Z
08010003820268100001,339,CONCEDIDA,2026-01-12T15:17:43.000Z
08021557620268100001,892,CONCEDIDA EM PARTE,2026-02-09T10:20:19.000Z
08045807620268100001,339,CONCEDIDA,2026-01-22T22:26:45.000Z
08035500620268100001,339,CONCEDIDA,2026-01-20T16:11:30.000Z
08010714020268100001,792,NÃO CONCEDIDA,2026-01-22T10:51:03.000Z
08023682920258100127,792,NÃO CONCEDIDA,2026-01-23T12:08:05.000Z
08050085820268100001,792,NÃO CONCEDIDA,2026-01-27T09:57:13.000Z
08053800720268100001,792,NÃO CONCEDIDA,2026-01-28T10:41:35.000Z
08066575820268100001,792,NÃO CONCEDIDA,2026-03-12T22:47:48.000Z
08081463320268100001,339,CONCEDIDA,2026-02-05T17:24:29.000Z
08094697320268100001,792,NÃO CONCEDIDA,2026-03-09T23:24:29.000Z
08090574520268100001,792,NÃO CONCEDIDA,2026-02-25T10:27:35.000Z
08109507120268100001,339,CONCEDIDA,2026-03-01T22:34:14.000Z
08127671020258100001,792,NÃO CONCEDIDA,2025-06-24T22:38:04.000Z
08130379720268100001,892,CONCEDIDA EM PARTE,2026-03-31T12:26:23.000Z
08135498020268100001,792,NÃO CONCEDIDA,2026-03-09T15:56:30.000Z
08171251820258100001,892,CONCEDIDA EM PARTE,2025-03-11T15:14:33.000Z
08159577820258100001,339,CONCEDIDA,2025-02-27T12:33:15.000Z
08176324220268100001,792,NÃO CONCEDIDA,2026-04-10T17:37:02.000Z
08187124120268100001,339,CONCEDIDA,2026-03-18T12:35:35.000Z
08184000220258100001,339,CONCEDIDA,2025-02-28T17:24:33.000Z
08205822420268100001,792,NÃO CONCEDIDA,2026-03-21T17:49:30.000Z
08208533320268100001,892,CONCEDIDA EM PARTE,2026-03-31T14:45:05.000Z
08211841520268100001,339,CONCEDIDA,2026-03-21T23:49:11.000Z
08212477420258100001,339,CONCEDIDA,2025-03-14T10:27:08.000Z
08230838220258100001,792,NÃO CONCEDIDA,2025-07-15T18:32:32.000Z
08236493120258100001,792,NÃO CONCEDIDA,2025-07-22T12:37:51.000Z
08250385120258100001,339,CONCEDIDA,2025-03-23T00:16:55.000Z
08249507620268100001,339,CONCEDIDA,2026-04-01T17:07:58.000Z
08243721620268100001,792,NÃO CONCEDIDA,2026-04-16T22:34:28.000Z
08254135220258100001,792,NÃO CONCEDIDA,2025-06-30T18:45:39.000Z
08263384820258100001,339,CONCEDIDA,2025-04-08T17:59:33.000Z
08281511320258100001,339,CONCEDIDA,2025-04-07T15:59:33.000Z
08280729720268100001,339,CONCEDIDA,2026-04-13T23:19:50.000Z
08276676120268100001,792,NÃO CONCEDIDA,2026-05-03T14:09:11.000Z
08279594620268100001,339,CONCEDIDA,2026-05-11T22:37:19.000Z
08297975820258100001,792,NÃO CONCEDIDA,2025-04-15T20:10:02.000Z
08296997320258100001,339,CONCEDIDA,2025-04-28T17:45:42.000Z
08305008620258100001,792,NÃO CONCEDIDA,2025-07-04T11:46:57.000Z
08308723520258100001,792,NÃO CONCEDIDA,2025-06-23T10:18:42.000Z
08308330420268100001,792,NÃO CONCEDIDA,2026-05-12T12:20:32.000Z
08340318320258100001,339,CONCEDIDA,2025-04-17T16:31:54.000Z
08387622520258100001,792,NÃO CONCEDIDA,2025-06-23T23:41:06.000Z
08407152420258100001,792,NÃO CONCEDIDA,2025-07-31T12:13:41.000Z
08418056720258100001,339,CONCEDIDA,2025-05-14T00:56:48.000Z
08440115420258100001,339,CONCEDIDA,2025-05-26T22:20:04.000Z
08463802120258100001,792,NÃO CONCEDIDA,2025-05-25T21:03:25.000Z
08512744020258100001,339,CONCEDIDA,2025-06-16T10:37:57.000Z
08544286620258100001,339,CONCEDIDA,2025-07-15T14:34:58.000Z
08576686320258100001,792,NÃO CONCEDIDA,2025-07-08T17:35:58.000Z
08586715320258100001,339,CONCEDIDA,2025-08-01T11:10:56.000Z
08565678820258100001,339,CONCEDIDA,2025-08-13T10:26:37.000Z
08612610320258100001,792,NÃO CONCEDIDA,2025-08-07T11:29:45.000Z
08602650520258100001,339,CONCEDIDA,2025-07-11T17:43:46.000Z
08704422820258100001,792,NÃO CONCEDIDA,2026-01-08T08:47:49.000Z
08651376320258100001,339,CONCEDIDA,2025-08-05T09:57:07.000Z
08676267320258100001,339,CONCEDIDA,2025-09-03T11:48:44.000Z
08672490520258100001,892,CONCEDIDA EM PARTE,2025-08-04T12:00:44.000Z
08684113520258100001,339,CONCEDIDA,2025-09-26T17:50:11.000Z
08656676720258100001,339,CONCEDIDA,2025-07-30T19:34:16.000Z
08704778520258100001,339,CONCEDIDA,2025-08-06T11:25:58.000Z
08704804020258100001,339,CONCEDIDA,2025-08-02T22:33:56.000Z
08703920220258100001,792,NÃO CONCEDIDA,2025-08-07T16:14:43.000Z
08709186620258100001,339,CONCEDIDA,2025-08-29T11:46:39.000Z
08723399120258100001,792,NÃO CONCEDIDA,2025-09-12T10:29:51.000Z
08787591520258100001,339,CONCEDIDA,2025-09-01T10:29:53.000Z
08819393920258100001,339,CONCEDIDA,2025-09-22T16:20:46.000Z
08782550920258100001,339,CONCEDIDA,2025-09-04T20:31:52.000Z
08796555820258100001,339,CONCEDIDA,2025-09-26T17:38:16.000Z
08840128120258100001,792,NÃO CONCEDIDA,2025-09-16T15:49:12.000Z
08772479420258100001,792,NÃO CONCEDIDA,2025-09-09T14:51:46.000Z
08863919220258100001,792,NÃO CONCEDIDA,2025-10-20T11:13:32.000Z
08795455920258100001,792,NÃO CONCEDIDA,2025-09-10T11:14:05.000Z
08800808520258100001,339,CONCEDIDA,2025-09-10T11:12:12.000Z
08831050920258100001,339,CONCEDIDA,2025-09-16T17:02:30.000Z
08865000920258100001,339,CONCEDIDA,2025-09-30T15:45:46.000Z
08828574320258100001,892,CONCEDIDA EM PARTE,2025-10-01T11:32:39.000Z
08881335520258100001,792,NÃO CONCEDIDA,2025-09-27T00:47:47.000Z
08830185320258100001,339,CONCEDIDA,2025-09-12T12:38:59.000Z
08883032720258100001,792,NÃO CONCEDIDA,2025-10-07T10:47:12.000Z
08883093420258100001,892,CONCEDIDA EM PARTE,2025-10-08T10:58:56.000Z
08891096220258100001,792,NÃO CONCEDIDA,2025-10-28T22:52:13.000Z
08914583820258100001,792,NÃO CONCEDIDA,2025-10-08T11:51:43.000Z
08903853120258100001,792,NÃO CONCEDIDA,2025-10-04T19:55:16.000Z
08945598320258100001,339,CONCEDIDA,2025-11-02T17:00:01.000Z
08971952220258100001,339,CONCEDIDA,2025-10-25T01:47:43.000Z
09040891420258100001,339,CONCEDIDA,2025-12-19T11:10:51.000Z
09046478320258100001,339,CONCEDIDA,2025-12-11T18:26:18.000Z
09078488320258100001,339,CONCEDIDA,2025-12-19T14:27:43.000Z
09136263420258100001,792,NÃO CONCEDIDA,2025-12-18T17:04:34.000Z
09024696420258100001,339,CONCEDIDA,2025-11-13T21:32:01.000Z
09102227220258100001,792,NÃO CONCEDIDA,2025-12-09T23:18:46.000Z
08986589620258100001,792,NÃO CONCEDIDA,2025-11-18T00:02:45.000Z
09033780920258100001,339,CONCEDIDA,2025-12-02T17:10:40.000Z
09152727920258100001,339,CONCEDIDA,2025-12-27T17:09:02.000Z
09050591420258100001,339,CONCEDIDA,2025-11-27T22:57:07.000Z
09154165320258100001,339,CONCEDIDA,2025-12-30T08:40:10.000Z
08998575620258100001,339,CONCEDIDA,2025-11-19T17:59:08.000Z
09052011820258100001,892,CONCEDIDA EM PARTE,2025-11-26T16:51:02.000Z
09144794320258100001,892,CONCEDIDA EM PARTE,2026-01-29T09:42:07.000Z
09133899720258100001,339,CONCEDIDA,2026-05-06T09:19:16.000Z
09029580420258100001,792,NÃO CONCEDIDA,2026-05-20T16:52:09.000Z
